frame_index,step,phase,hint,vlm_action,vlm_action_raw,arbitration,terminal_state,distance_to_start
0,0,outbound,,VLM: forward,The next action is move forward 75 cm.,,,0.009
1,5,outbound,,VLM: forward,The next action is move forward 75 cm.,,,0.018
2,10,outbound,,VLM: forward,The next action is move forward 75 cm.,,,0.046
3,15,outbound,,VLM: forward,The next action is move forward 75 cm.,,,0.083
4,20,outbound,,VLM: forward,The next action is move forward 75 cm.,,,0.121
5,25,outbound,,VLM: forward,The next action is move forward 75 cm.,,,0.167
6,30,outbound,,VLM: forward,The next action is move forward 75 cm.,,,0.208
7,35,outbound,,VLM: forward,The next action is move forward 75 cm.,,,0.245
8,40,outbound,,VLM: forward,The next action is move forward 75 cm.,,,0.283
9,45,outbound,,VLM: forward,The next action is move forward 75 cm.,,,0.328
10,50,outbound,,VLM: forward,The next action is move forward 75 cm.,,,0.372
11,55,outbound,,VLM: forward,The next action is move forward 75 cm.,,,0.417
12,60,outbound,,VLM: forward,The next action is move forward 75 cm.,,,0.466
13,65,outbound,,VLM: forward,The next action is move forward 75 cm.,,,0.512
14,70,outbound,,VLM: forward,The next action is move forward 75 cm.,,,0.556
15,75,outbound,,VLM: forward,The next action is move forward 75 cm.,,,0.598
16,80,outbound,,VLM: forward,The next action is move forward 75 cm.,,,0.638
17,85,outbound,,VLM: forward,The next action is move forward 75 cm.,,,0.686
18,90,outbound,,VLM: forward,The next action is move forward 75 cm.,,,0.730
19,95,outbound,,VLM: forward,The next action is move forward 75 cm.,,,0.775
20,100,outbound,,VLM: forward,The next action is move forward 75 cm.,,,0.817
21,105,outbound,,VLM: forward,The next action is move forward 75 cm.,,,0.856
22,110,outbound,,VLM: forward,The next action is move forward 75 cm.,,,0.896
23,115,outbound,,VLM: forward,The next action is move forward 75 cm.,,,0.941
24,120,outbound,,VLM: forward,The next action is move forward 75 cm.,,,0.986
25,125,outbound,,VLM: forward,The next action is move forward 75 cm.,,,1.030
26,130,outbound,,VLM: forward,The next action is move forward 75 cm.,,,1.071
27,135,outbound,,VLM: forward,The next action is move forward 75 cm.,,,1.109
28,140,outbound,,VLM: forward,The next action is move forward 75 cm.,,,1.157
29,145,outbound,,VLM: forward,The next action is move forward 75 cm.,,,1.202
30,150,outbound,,VLM: forward,The next action is move forward 75 cm.,,,1.246
31,155,outbound,,VLM: forward,The next action is move forward 75 cm.,,,1.288
32,160,outbound,,VLM: forward,The next action is move forward 75 cm.,,,1.329
33,165,outbound,,VLM: forward,The next action is move forward 75 cm.,,,1.369
34,170,outbound,,VLM: forward,The next action is move forward 75 cm.,,,1.414
35,175,outbound,,VLM: forward,The next action is move forward 75 cm.,,,1.454
36,180,outbound,,VLM: forward,The next action is move forward 75 cm.,,,1.490
37,185,outbound,,VLM: forward,The next action is move forward 75 cm.,,,1.529
38,190,outbound,,VLM: forward,The next action is move forward 75 cm.,,,1.574
39,195,outbound,,VLM: forward,The next action is move forward 75 cm.,,,1.616
40,200,outbound,,VLM: forward,The next action is move forward 75 cm.,,,1.666
41,205,outbound,,VLM: forward,The next action is move forward 75 cm.,,,1.708
42,210,outbound,,VLM: forward,The next action is move forward 75 cm.,,,1.751
43,215,outbound,,VLM: forward,The next action is move forward 75 cm.,,,1.795
44,220,outbound,,VLM: forward,The next action is move forward 75 cm.,,,1.834
45,225,outbound,,VLM: forward,The next action is move forward 75 cm.,,,1.875
46,230,outbound,,VLM: forward,The next action is move forward 75 cm.,,,1.919
47,235,outbound,,VLM: forward,The next action is move forward 75 cm.,,,1.961
48,240,outbound,,VLM: forward,The next action is move forward 75 cm.,,,2.005
49,245,outbound,,VLM: forward,The next action is move forward 75 cm.,,,2.050
50,250,outbound,,VLM: forward,The next action is move forward 75 cm.,,,2.092
51,255,outbound,,VLM: forward,The next action is move forward 75 cm.,,,2.137
52,260,outbound,,VLM: forward,The next action is move forward 75 cm.,,,2.186
53,265,outbound,,VLM: forward,The next action is move forward 75 cm.,,,2.231
54,270,outbound,,VLM: forward,The next action is move forward 75 cm.,,,2.272
55,275,outbound,,VLM: forward,The next action is move forward 75 cm.,,,2.312
56,280,outbound,,VLM: forward,The next action is move forward 75 cm.,,,2.349
57,285,outbound,,VLM: forward,The next action is move forward 75 cm.,,,2.395
58,290,outbound,,VLM: forward,The next action is move forward 75 cm.,,,2.439
59,295,outbound,,VLM: forward,The next action is move forward 75 cm.,,,2.481
60,300,outbound,,VLM: turn left,The next action is turn left 45 degree.,,,2.517
61,305,outbound,,VLM: turn left,The next action is turn left 45 degree.,,,2.540
62,310,outbound,,VLM: turn left,The next action is turn left 45 degree.,,,2.543
63,315,outbound,,VLM: turn left,The next action is turn left 45 degree.,,,2.545
64,320,outbound,,VLM: turn left,The next action is turn left 45 degree.,,,2.551
65,325,outbound,,VLM: turn left,The next action is turn left 45 degree.,,,2.554
66,330,outbound,,VLM: turn left,The next action is turn left 45 degree.,,,2.559
67,335,outbound,,VLM: turn left,The next action is turn left 45 degree.,,,2.566
68,340,outbound,,VLM: turn left,The next action is turn left 45 degree.,,,2.570
69,345,outbound,,VLM: turn left,The next action is turn left 45 degree.,,,2.575
70,350,outbound,,VLM: turn left,The next action is turn left 45 degree.,,,2.581
71,355,outbound,,VLM: turn left,The next action is turn left 45 degree.,,,2.588
72,360,outbound,,VLM: turn left,The next action is turn left 45 degree.,,,2.595
73,365,outbound,,VLM: turn left,The next action is turn left 45 degree.,,,2.601
74,370,outbound,,VLM: turn left,The next action is turn left 45 degree.,,,2.606
75,375,outbound,,VLM: turn left,The next action is turn left 45 degree.,,,2.610
76,380,outbound,,VLM: turn left,The next action is turn left 45 degree.,,,2.617
77,385,outbound,,VLM: turn left,The next action is turn left 45 degree.,,,2.624
78,390,outbound,,VLM: turn left,The next action is turn left 45 degree.,,,2.631
79,395,outbound,,VLM: turn left,The next action is turn left 45 degree.,,,2.638
80,400,outbound,,VLM: turn left,The next action is turn left 45 degree.,,,2.645
81,405,outbound,,VLM: turn left,The next action is turn left 45 degree.,,,2.652
82,410,outbound,,VLM: turn left,The next action is turn left 45 degree.,,,2.657
83,415,outbound,,VLM: turn left,The next action is turn left 45 degree.,,,2.663
84,420,outbound,,VLM: turn left,The next action is turn left 45 degree.,,,2.667
85,425,outbound,,VLM: turn left,The next action is turn left 45 degree.,,,2.673
86,430,outbound,,VLM: turn left,The next action is turn left 45 degree.,,,2.680
87,435,outbound,,VLM: turn left,The next action is turn left 45 degree.,,,2.687
88,440,outbound,,VLM: turn left,The next action is turn left 45 degree.,,,2.692
89,445,outbound,,VLM: turn left,The next action is turn left 45 degree.,,,2.697
90,450,outbound,,VLM: turn left,The next action is turn left 15 degree.,,,2.703
91,455,outbound,,VLM: turn left,The next action is turn left 15 degree.,,,2.707
92,460,outbound,,VLM: turn left,The next action is turn left 15 degree.,,,2.711
93,465,outbound,,VLM: turn left,The next action is turn left 15 degree.,,,2.716
94,470,outbound,,VLM: turn left,The next action is turn left 15 degree.,,,2.722
95,475,outbound,,VLM: forward,The next action is move forward 75 cm.,,,2.727
96,480,outbound,,VLM: forward,The next action is move forward 75 cm.,,,2.735
97,485,outbound,,VLM: forward,The next action is move forward 75 cm.,,,2.743
98,490,outbound,,VLM: forward,The next action is move forward 75 cm.,,,2.751
99,495,outbound,,VLM: forward,The next action is move forward 75 cm.,,,2.760
100,500,outbound,,VLM: forward,The next action is move forward 75 cm.,,,2.770
101,505,outbound,,VLM: forward,The next action is move forward 75 cm.,,,2.782
102,510,outbound,,VLM: forward,The next action is move forward 75 cm.,,,2.792
103,515,outbound,,VLM: forward,The next action is move forward 75 cm.,,,2.800
104,520,outbound,,VLM: forward,The next action is move forward 75 cm.,,,2.809
105,525,outbound,,VLM: forward,The next action is move forward 75 cm.,,,2.821
106,530,outbound,,VLM: forward,The next action is move forward 75 cm.,,,2.835
107,535,outbound,,VLM: forward,The next action is move forward 75 cm.,,,2.852
108,540,outbound,,VLM: forward,The next action is move forward 75 cm.,,,2.868
109,545,outbound,,VLM: forward,The next action is move forward 75 cm.,,,2.883
110,550,outbound,,VLM: forward,The next action is move forward 75 cm.,,,2.896
111,555,outbound,,VLM: forward,The next action is move forward 75 cm.,,,2.908
112,560,outbound,,VLM: forward,The next action is move forward 75 cm.,,,2.921
113,565,outbound,,VLM: forward,The next action is move forward 75 cm.,,,2.935
114,570,outbound,,VLM: forward,The next action is move forward 75 cm.,,,2.949
115,575,outbound,,VLM: forward,The next action is move forward 75 cm.,,,2.962
116,580,outbound,,VLM: forward,The next action is move forward 75 cm.,,,2.978
117,585,outbound,,VLM: forward,The next action is move forward 75 cm.,,,2.995
118,590,outbound,,VLM: forward,The next action is move forward 75 cm.,,,3.014
119,595,outbound,,VLM: forward,The next action is move forward 75 cm.,,,3.037
120,600,outbound,,VLM: forward,The next action is move forward 75 cm.,,,3.061
121,605,outbound,,VLM: forward,The next action is move forward 75 cm.,,,3.083
122,610,outbound,,VLM: forward,The next action is move forward 75 cm.,,,3.101
123,615,outbound,,VLM: forward,The next action is move forward 75 cm.,,,3.118
124,620,outbound,,VLM: forward,The next action is move forward 75 cm.,,,3.134
125,625,outbound,,VLM: forward,The next action is move forward 75 cm.,,,3.151
126,630,outbound,,VLM: forward,The next action is move forward 75 cm.,,,3.172
127,635,outbound,,VLM: forward,The next action is move forward 75 cm.,,,3.193
128,640,outbound,,VLM: forward,The next action is move forward 75 cm.,,,3.214
129,645,outbound,,VLM: forward,The next action is move forward 75 cm.,,,3.237
130,650,outbound,,VLM: forward,The next action is move forward 75 cm.,,,3.259
131,655,outbound,,VLM: forward,The next action is move forward 75 cm.,,,3.283
132,660,outbound,,VLM: forward,The next action is move forward 75 cm.,,,3.309
133,665,outbound,,VLM: forward,The next action is move forward 75 cm.,,,3.333
134,670,outbound,,VLM: forward,The next action is move forward 75 cm.,,,3.357
135,675,outbound,,VLM: forward,The next action is move forward 75 cm.,,,3.378
136,680,outbound,,VLM: forward,The next action is move forward 75 cm.,,,3.402
137,685,outbound,,VLM: forward,The next action is move forward 75 cm.,,,3.424
138,690,outbound,,VLM: forward,The next action is move forward 75 cm.,,,3.450
139,695,outbound,,VLM: forward,The next action is move forward 75 cm.,,,3.473
140,700,outbound,,VLM: forward,The next action is move forward 75 cm.,,,3.496
141,705,outbound,,VLM: forward,The next action is move forward 75 cm.,,,3.518
142,710,outbound,,VLM: forward,The next action is move forward 75 cm.,,,3.542
143,715,outbound,,VLM: forward,The next action is move forward 75 cm.,,,3.565
144,720,outbound,,VLM: forward,The next action is move forward 75 cm.,,,3.591
145,725,outbound,,VLM: forward,The next action is move forward 75 cm.,,,3.617
146,730,outbound,,VLM: forward,The next action is move forward 75 cm.,,,3.643
147,735,outbound,,VLM: forward,The next action is move forward 75 cm.,,,3.670
148,740,outbound,,VLM: forward,The next action is move forward 75 cm.,,,3.696
149,745,outbound,,VLM: forward,The next action is move forward 75 cm.,,,3.723
150,750,outbound,,VLM: forward,The next action is move forward 75 cm.,,,3.751
151,755,outbound,,VLM: forward,The next action is move forward 75 cm.,,,3.778
152,760,outbound,,VLM: forward,The next action is move forward 75 cm.,,,3.806
153,765,outbound,,VLM: forward,The next action is move forward 75 cm.,,,3.832
154,770,outbound,,VLM: forward,The next action is move forward 75 cm.,,,3.857
155,775,outbound,,VLM: turn left,The next action is turn left 30 degree.,,,3.887
156,780,outbound,,VLM: turn left,The next action is turn left 30 degree.,,,3.906
157,785,outbound,,VLM: turn left,The next action is turn left 30 degree.,,,3.913
158,790,outbound,,VLM: turn left,The next action is turn left 30 degree.,,,3.914
159,795,outbound,,VLM: turn left,The next action is turn left 30 degree.,,,3.917
160,800,outbound,,VLM: turn left,The next action is turn left 30 degree.,,,3.918
161,805,outbound,,VLM: turn left,The next action is turn left 30 degree.,,,3.921
162,810,outbound,,VLM: turn left,The next action is turn left 30 degree.,,,3.920
163,815,outbound,,VLM: turn left,The next action is turn left 30 degree.,,,3.924
164,820,outbound,,VLM: turn left,The next action is turn left 30 degree.,,,3.928
165,825,outbound,,VLM: turn left,The next action is turn left 30 degree.,,,3.933
166,830,outbound,,VLM: turn left,The next action is turn left 30 degree.,,,3.938
167,835,outbound,,VLM: turn left,The next action is turn left 30 degree.,,,3.943
168,840,outbound,,VLM: turn left,The next action is turn left 30 degree.,,,3.949
169,845,outbound,,VLM: turn left,The next action is turn left 30 degree.,,,3.957
170,850,outbound,,VLM: turn left,The next action is turn left 30 degree.,,,3.964
171,855,outbound,,VLM: turn left,The next action is turn left 30 degree.,,,3.968
172,860,outbound,,VLM: turn left,The next action is turn left 30 degree.,,,3.967
173,865,outbound,,VLM: turn left,The next action is turn left 30 degree.,,,3.967
174,870,outbound,,VLM: turn left,The next action is turn left 30 degree.,,,3.968
175,875,outbound,,VLM: turn left,The next action is turn left 15 degree.,,,3.970
176,880,outbound,,VLM: turn left,The next action is turn left 15 degree.,,,3.974
177,885,outbound,,VLM: turn left,The next action is turn left 15 degree.,,,3.976
178,890,outbound,,VLM: turn left,The next action is turn left 15 degree.,,,3.981
179,895,outbound,,VLM: turn left,The next action is turn left 15 degree.,,,3.984
180,900,outbound,,VLM: turn left,The next action is turn left 15 degree.,,,3.984
181,905,outbound,,VLM: turn left,The next action is turn left 15 degree.,,,3.985
182,910,outbound,,VLM: turn left,The next action is turn left 15 degree.,,,3.986
183,915,outbound,,VLM: turn left,The next action is turn left 15 degree.,,,3.988
184,920,outbound,,VLM: turn left,The next action is turn left 15 degree.,,,3.988
185,925,outbound,,VLM: forward,The next action is move forward 75 cm.,,,3.990
186,930,outbound,,VLM: forward,The next action is move forward 75 cm.,,,3.992
187,935,outbound,,VLM: forward,The next action is move forward 75 cm.,,,3.985
188,940,outbound,,VLM: forward,The next action is move forward 75 cm.,,,3.975
189,945,outbound,,VLM: forward,The next action is move forward 75 cm.,,,3.961
190,950,outbound,,VLM: forward,The next action is move forward 75 cm.,,,3.948
191,955,outbound,,VLM: forward,The next action is move forward 75 cm.,,,3.929
192,960,outbound,,VLM: forward,The next action is move forward 75 cm.,,,3.909
193,965,outbound,,VLM: forward,The next action is move forward 75 cm.,,,3.891
194,970,outbound,,VLM: forward,The next action is move forward 75 cm.,,,3.868
195,975,outbound,,VLM: forward,The next action is move forward 75 cm.,,,3.844
196,980,outbound,,VLM: forward,The next action is move forward 75 cm.,,,3.826
197,985,outbound,,VLM: forward,The next action is move forward 75 cm.,,,3.809
198,990,outbound,,VLM: forward,The next action is move forward 75 cm.,,,3.792
199,995,outbound,,VLM: forward,The next action is move forward 75 cm.,,,3.775
200,1000,outbound,,VLM: forward,The next action is move forward 75 cm.,,,3.757
201,1005,outbound,,VLM: forward,The next action is move forward 75 cm.,,,3.739
202,1010,outbound,,VLM: forward,The next action is move forward 75 cm.,,,3.722
203,1015,outbound,,VLM: forward,The next action is move forward 75 cm.,,,3.705
204,1020,outbound,,VLM: forward,The next action is move forward 75 cm.,,,3.686
205,1025,outbound,,VLM: forward,The next action is move forward 75 cm.,,,3.670
206,1030,outbound,,VLM: forward,The next action is move forward 75 cm.,,,3.656
207,1035,outbound,,VLM: forward,The next action is move forward 75 cm.,,,3.645
208,1040,outbound,,VLM: forward,The next action is move forward 75 cm.,,,3.631
209,1045,outbound,,VLM: forward,The next action is move forward 75 cm.,,,3.616
210,1050,outbound,,VLM: forward,The next action is move forward 75 cm.,,,3.599
211,1055,outbound,,VLM: forward,The next action is move forward 75 cm.,,,3.580
212,1060,outbound,,VLM: forward,The next action is move forward 75 cm.,,,3.556
213,1065,outbound,,VLM: forward,The next action is move forward 75 cm.,,,3.534
214,1070,outbound,,VLM: forward,The next action is move forward 75 cm.,,,3.516
215,1075,outbound,,VLM: forward,The next action is move forward 75 cm.,,,3.503
216,1080,outbound,,VLM: forward,The next action is move forward 75 cm.,,,3.491
217,1085,outbound,,VLM: forward,The next action is move forward 75 cm.,,,3.481
218,1090,outbound,,VLM: forward,The next action is move forward 75 cm.,,,3.469
219,1095,outbound,,VLM: forward,The next action is move forward 75 cm.,,,3.461
220,1100,outbound,,VLM: forward,The next action is move forward 75 cm.,,,3.454
221,1105,outbound,,VLM: forward,The next action is move forward 75 cm.,,,3.444
222,1110,outbound,,VLM: forward,The next action is move forward 75 cm.,,,3.428
223,1115,outbound,,VLM: forward,The next action is move forward 75 cm.,,,3.415
224,1120,outbound,,VLM: forward,The next action is move forward 75 cm.,,,3.402
225,1125,outbound,,VLM: forward,The next action is move forward 75 cm.,,,3.388
226,1130,outbound,,VLM: forward,The next action is move forward 75 cm.,,,3.377
227,1135,outbound,,VLM: forward,The next action is move forward 75 cm.,,,3.367
228,1140,outbound,,VLM: forward,The next action is move forward 75 cm.,,,3.355
229,1145,outbound,,VLM: forward,The next action is move forward 75 cm.,,,3.346
230,1150,outbound,,VLM: forward,The next action is move forward 75 cm.,,,3.337
231,1155,outbound,,VLM: forward,The next action is move forward 75 cm.,,,3.328
232,1160,outbound,,VLM: forward,The next action is move forward 75 cm.,,,3.319
233,1165,outbound,,VLM: forward,The next action is move forward 75 cm.,,,3.313
234,1170,outbound,,VLM: forward,The next action is move forward 75 cm.,,,3.305
235,1175,outbound,,VLM: forward,The next action is move forward 75 cm.,,,3.295
236,1180,outbound,,VLM: forward,The next action is move forward 75 cm.,,,3.292
237,1185,outbound,,VLM: forward,The next action is move forward 75 cm.,,,3.292
238,1190,outbound,,VLM: forward,The next action is move forward 75 cm.,,,3.285
239,1195,outbound,,VLM: forward,The next action is move forward 75 cm.,,,3.280
240,1200,outbound,,VLM: forward,The next action is move forward 75 cm.,,,3.274
241,1205,outbound,,VLM: forward,The next action is move forward 75 cm.,,,3.270
242,1210,outbound,,VLM: forward,The next action is move forward 75 cm.,,,3.270
243,1215,outbound,,VLM: forward,The next action is move forward 75 cm.,,,3.273
244,1220,outbound,,VLM: forward,The next action is move forward 75 cm.,,,3.275
245,1225,outbound,,VLM: turn left,The next action is turn left 15 degree.,,,3.276
246,1230,outbound,,VLM: turn left,The next action is turn left 15 degree.,,,3.276
247,1235,outbound,,VLM: turn left,The next action is turn left 15 degree.,,,3.277
248,1240,outbound,,VLM: turn left,The next action is turn left 15 degree.,,,3.282
249,1245,outbound,,VLM: turn left,The next action is turn left 15 degree.,,,3.289
250,1250,outbound,,VLM: turn left,The next action is turn left 45 degree.,,,3.293
251,1255,outbound,,VLM: turn left,The next action is turn left 45 degree.,,,3.298
252,1260,outbound,,VLM: turn left,The next action is turn left 45 degree.,,,3.299
253,1265,outbound,,VLM: turn left,The next action is turn left 45 degree.,,,3.302
254,1270,outbound,,VLM: turn left,The next action is turn left 45 degree.,,,3.308
255,1275,outbound,,VLM: turn left,The next action is turn left 45 degree.,,,3.311
256,1280,outbound,,VLM: turn left,The next action is turn left 45 degree.,,,3.315
257,1285,outbound,,VLM: turn left,The next action is turn left 45 degree.,,,3.316
258,1290,outbound,,VLM: turn left,The next action is turn left 45 degree.,,,3.315
259,1295,outbound,,VLM: turn left,The next action is turn left 45 degree.,,,3.312
260,1300,outbound,,VLM: turn left,The next action is turn left 45 degree.,,,3.310
261,1305,outbound,,VLM: turn left,The next action is turn left 45 degree.,,,3.308
262,1310,outbound,,VLM: turn left,The next action is turn left 45 degree.,,,3.306
263,1315,outbound,,VLM: turn left,The next action is turn left 45 degree.,,,3.309
264,1320,outbound,,VLM: turn left,The next action is turn left 45 degree.,,,3.309
265,1325,outbound,,VLM: forward,The next action is move forward 75 cm.,,,3.307
266,1330,outbound,,VLM: forward,The next action is move forward 75 cm.,,,3.302
267,1335,outbound,,VLM: forward,The next action is move forward 75 cm.,,,3.284
268,1340,outbound,,VLM: forward,The next action is move forward 75 cm.,,,3.259
269,1345,outbound,,VLM: forward,The next action is move forward 75 cm.,,,3.224
270,1350,outbound,,VLM: forward,The next action is move forward 75 cm.,,,3.190
271,1355,outbound,,VLM: forward,The next action is move forward 75 cm.,,,3.157
272,1360,outbound,,VLM: forward,The next action is move forward 75 cm.,,,3.119
273,1365,outbound,,VLM: forward,The next action is move forward 75 cm.,,,3.083
274,1370,outbound,,VLM: forward,The next action is move forward 75 cm.,,,3.045
275,1375,outbound,,VLM: forward,The next action is move forward 75 cm.,,,3.009
276,1380,outbound,,VLM: forward,The next action is move forward 75 cm.,,,2.974
277,1385,outbound,,VLM: forward,The next action is move forward 75 cm.,,,2.941
278,1390,outbound,,VLM: forward,The next action is move forward 75 cm.,,,2.901
279,1395,outbound,,VLM: forward,The next action is move forward 75 cm.,,,2.863
280,1400,confirm,,VLM: scan,[Confirm] scripted 360-degree scan,,,2.826
281,1405,confirm,,VLM: scan,[Confirm] scripted 360-degree scan,,,2.802
282,1410,confirm,,VLM: scan,[Confirm] scripted 360-degree scan,,,2.796
283,1415,confirm,,VLM: scan,[Confirm] scripted 360-degree scan,,,2.796
284,1420,confirm,,VLM: scan,[Confirm] scripted 360-degree scan,,,2.795
285,1425,confirm,,VLM: scan,[Confirm] scripted 360-degree scan,,,2.793
286,1430,confirm,,VLM: scan,[Confirm] scripted 360-degree scan,,,2.791
287,1435,confirm,,VLM: scan,[Confirm] scripted 360-degree scan,,,2.789
288,1440,confirm,,VLM: scan,[Confirm] scripted 360-degree scan,,,2.787
289,1445,confirm,,VLM: scan,[Confirm] scripted 360-degree scan,,,2.788
290,1450,confirm,,VLM: scan,[Confirm] scripted 360-degree scan,,,2.781
291,1455,confirm,,VLM: scan,[Confirm] scripted 360-degree scan,,,2.774
292,1460,confirm,,VLM: scan,[Confirm] scripted 360-degree scan,,,2.769
293,1465,confirm,,VLM: scan,[Confirm] scripted 360-degree scan,,,2.764
294,1470,confirm,,VLM: scan,[Confirm] scripted 360-degree scan,,,2.758
295,1475,confirm,,VLM: scan,[Confirm] scripted 360-degree scan,,,2.751
296,1480,confirm,,VLM: scan,[Confirm] scripted 360-degree scan,,,2.744
297,1485,confirm,,VLM: scan,[Confirm] scripted 360-degree scan,,,2.737
298,1490,confirm,,VLM: scan,[Confirm] scripted 360-degree scan,,,2.730
299,1495,confirm,,VLM: scan,[Confirm] scripted 360-degree scan,,,2.724
300,1500,confirm,,VLM: scan,[Confirm] scripted 360-degree scan,,,2.721
301,1505,confirm,,VLM: scan,[Confirm] scripted 360-degree scan,,,2.720
302,1510,confirm,,VLM: scan,[Confirm] scripted 360-degree scan,,,2.717
303,1515,confirm,,VLM: scan,[Confirm] scripted 360-degree scan,,,2.715
304,1520,confirm,,VLM: scan,[Confirm] scripted 360-degree scan,,,2.715
305,1525,confirm,,VLM: scan,[Confirm] scripted 360-degree scan,,,2.715
306,1530,confirm,,VLM: scan,[Confirm] scripted 360-degree scan,,,2.714
307,1535,confirm,,VLM: scan,[Confirm] scripted 360-degree scan,,,2.711
308,1540,confirm,,VLM: scan,[Confirm] scripted 360-degree scan,,,2.704
309,1545,confirm,,VLM: scan,[Confirm] scripted 360-degree scan,,,2.698
310,1550,confirm,,VLM: scan,[Confirm] scripted 360-degree scan,,,2.690
311,1555,confirm,,VLM: scan,[Confirm] scripted 360-degree scan,,,2.684
312,1560,confirm,,VLM: scan,[Confirm] scripted 360-degree scan,,,2.681
313,1565,confirm,,VLM: scan,[Confirm] scripted 360-degree scan,,,2.679
314,1570,confirm,,VLM: scan,[Confirm] scripted 360-degree scan,,,2.675
315,1575,confirm,,VLM: scan,[Confirm] scripted 360-degree scan,,,2.668
316,1580,confirm,,VLM: scan,[Confirm] scripted 360-degree scan,,,2.661
317,1585,confirm,,VLM: scan,[Confirm] scripted 360-degree scan,,,2.654
318,1590,confirm,,VLM: scan,[Confirm] scripted 360-degree scan,,,2.648
319,1595,confirm,,VLM: scan,[Confirm] scripted 360-degree scan,,,2.640
320,1600,confirm,,VLM: scan,[Confirm] scripted 360-degree scan,,,2.633
321,1605,confirm,,VLM: scan,[Confirm] scripted 360-degree scan,,,2.632
322,1610,confirm,,VLM: scan,[Confirm] scripted 360-degree scan,,,2.633
323,1615,confirm,,VLM: scan,[Confirm] scripted 360-degree scan,,,2.632
324,1620,confirm,,VLM: scan,[Confirm] scripted 360-degree scan,,,2.628
325,1625,confirm,,VLM: scan,[Confirm] scripted 360-degree scan,,,2.624
326,1630,confirm,,VLM: scan,[Confirm] scripted 360-degree scan,,,2.619
327,1635,confirm,,VLM: scan,[Confirm] scripted 360-degree scan,,,2.613
328,1640,confirm,,VLM: scan,[Confirm] scripted 360-degree scan,,,2.609
329,1645,confirm,,VLM: scan,[Confirm] scripted 360-degree scan,,,2.609
330,1650,confirm,,VLM: scan,[Confirm] scripted 360-degree scan,,,2.610
331,1655,confirm,,VLM: scan,[Confirm] scripted 360-degree scan,,,2.609
332,1660,confirm,,VLM: scan,[Confirm] scripted 360-degree scan,,,2.608
333,1665,confirm,,VLM: scan,[Confirm] scripted 360-degree scan,,,2.605
334,1670,confirm,,VLM: scan,[Confirm] scripted 360-degree scan,,,2.602
335,1675,confirm,,VLM: scan,[Confirm] scripted 360-degree scan,,,2.598
336,1680,confirm,,VLM: scan,[Confirm] scripted 360-degree scan,,,2.596
337,1685,confirm,,VLM: scan,[Confirm] scripted 360-degree scan,,,2.598
338,1690,confirm,,VLM: scan,[Confirm] scripted 360-degree scan,,,2.600
339,1695,confirm,,VLM: scan,[Confirm] scripted 360-degree scan,,,2.601
340,1700,return,,VLM: [Return] query NaVILA with return instru,[Return] query NaVILA with return instruction,,,2.602
341,1705,return,,VLM: turn left,The next action is turn left 45 degree.,,,2.603
342,1710,return,,VLM: turn left,The next action is turn left 45 degree.,,,2.607
343,1715,return,,VLM: turn left,The next action is turn left 45 degree.,,,2.607
344,1720,return,,VLM: turn left,The next action is turn left 45 degree.,,,2.605
345,1725,return,,VLM: turn left,The next action is turn left 45 degree.,,,2.608
346,1730,return,,VLM: turn left,The next action is turn left 45 degree.,,,2.612
347,1735,return,,VLM: turn left,The next action is turn left 45 degree.,,,2.615
348,1740,return,,VLM: turn left,The next action is turn left 45 degree.,,,2.619
349,1745,return,,VLM: turn left,The next action is turn left 45 degree.,,,2.623
350,1750,return,,VLM: turn left,The next action is turn left 45 degree.,,,2.626
351,1755,return,,VLM: turn left,The next action is turn left 45 degree.,,,2.628
352,1760,return,,VLM: turn left,The next action is turn left 45 degree.,,,2.627
353,1765,return,,VLM: turn left,The next action is turn left 45 degree.,,,2.625
354,1770,return,,VLM: turn left,The next action is turn left 45 degree.,,,2.629
355,1775,return,,VLM: turn left,The next action is turn left 45 degree.,,,2.634
356,1780,return,,VLM: turn left,The next action is turn left 45 degree.,,,2.641
357,1785,return,,VLM: turn left,The next action is turn left 45 degree.,,,2.646
358,1790,return,,VLM: turn left,The next action is turn left 45 degree.,,,2.651
359,1795,return,,VLM: turn left,The next action is turn left 45 degree.,,,2.656
360,1800,return,,VLM: turn left,The next action is turn left 45 degree.,,,2.658
361,1805,return,,VLM: turn left,The next action is turn left 45 degree.,,,2.658
362,1810,return,,VLM: turn left,The next action is turn left 45 degree.,,,2.661
363,1815,return,,VLM: turn left,The next action is turn left 45 degree.,,,2.666
364,1820,return,,VLM: turn left,The next action is turn left 45 degree.,,,2.672
365,1825,return,,VLM: turn left,The next action is turn left 45 degree.,,,2.678
366,1830,return,,VLM: turn left,The next action is turn left 45 degree.,,,2.683
367,1835,return,,VLM: turn left,The next action is turn left 45 degree.,,,2.689
368,1840,return,,VLM: turn left,The next action is turn left 45 degree.,,,2.694
369,1845,return,,VLM: turn left,The next action is turn left 45 degree.,,,2.696
370,1850,return,,VLM: turn left,The next action is turn left 45 degree.,,,2.702
371,1855,return,,VLM: turn left,The next action is turn left 15 degree.,,,2.710
372,1860,return,,VLM: turn left,The next action is turn left 15 degree.,,,2.716
373,1865,return,,VLM: turn left,The next action is turn left 15 degree.,,,2.722
374,1870,return,,VLM: turn left,The next action is turn left 15 degree.,,,2.729
375,1875,return,,VLM: turn left,The next action is turn left 15 degree.,,,2.735
376,1880,return,,VLM: turn left,The next action is turn left 15 degree.,,,2.742
377,1885,return,,VLM: turn left,The next action is turn left 15 degree.,,,2.747
378,1890,return,,VLM: turn left,The next action is turn left 15 degree.,,,2.750
379,1895,return,,VLM: turn left,The next action is turn left 15 degree.,,,2.757
380,1900,return,,VLM: turn left,The next action is turn left 15 degree.,,,2.762
381,1905,return,,VLM: forward,The next action is move forward 75 cm.,,,2.771
382,1910,return,,VLM: forward,The next action is move forward 75 cm.,,,2.793
383,1915,return,,VLM: forward,The next action is move forward 75 cm.,,,2.824
384,1920,return,,VLM: forward,The next action is move forward 75 cm.,,,2.862
385,1925,return,,VLM: forward,The next action is move forward 75 cm.,,,2.897
386,1930,return,,VLM: forward,The next action is move forward 75 cm.,,,2.935
387,1935,return,,VLM: forward,The next action is move forward 75 cm.,,,2.974
388,1940,return,,VLM: forward,The next action is move forward 75 cm.,,,3.012
389,1945,return,,VLM: forward,The next action is move forward 75 cm.,,,3.052
390,1950,return,,VLM: forward,The next action is move forward 75 cm.,,,3.090
391,1955,return,,VLM: forward,The next action is move forward 75 cm.,,,3.127
392,1960,return,,VLM: forward,The next action is move forward 75 cm.,,,3.167
393,1965,return,,VLM: forward,The next action is move forward 75 cm.,,,3.210
394,1970,return,,VLM: forward,The next action is move forward 75 cm.,,,3.249
395,1975,return,,VLM: forward,The next action is move forward 75 cm.,,,3.286
396,1980,return,,VLM: forward,The next action is move forward 75 cm.,,,3.324
397,1985,return,,VLM: forward,The next action is move forward 75 cm.,,,3.367
398,1990,return,,VLM: forward,The next action is move forward 75 cm.,,,3.408
399,1995,return,,VLM: forward,The next action is move forward 75 cm.,,,3.452
400,2000,return,,VLM: forward,The next action is move forward 75 cm.,,,3.491
401,2005,return,,VLM: forward,The next action is move forward 75 cm.,,,3.529
402,2010,return,,VLM: forward,The next action is move forward 75 cm.,,,3.569
403,2015,return,,VLM: forward,The next action is move forward 75 cm.,,,3.609
404,2020,return,,VLM: forward,The next action is move forward 75 cm.,,,3.646
405,2025,return,,VLM: forward,The next action is move forward 75 cm.,,,3.688
406,2030,return,,VLM: forward,The next action is move forward 75 cm.,,,3.727
407,2035,return,,VLM: forward,The next action is move forward 75 cm.,,,3.763
408,2040,return,,VLM: forward,The next action is move forward 75 cm.,,,3.799
409,2045,return,,VLM: forward,The next action is move forward 75 cm.,,,3.838
410,2050,return,,VLM: forward,The next action is move forward 75 cm.,,,3.875
411,2055,return,,VLM: forward,The next action is move forward 75 cm.,,,3.912
412,2060,return,,VLM: forward,The next action is move forward 75 cm.,,,3.952
413,2065,return,,VLM: forward,The next action is move forward 75 cm.,,,3.989
414,2070,return,,VLM: forward,The next action is move forward 75 cm.,,,4.026
415,2075,return,,VLM: forward,The next action is move forward 75 cm.,,,4.066
416,2080,return,,VLM: forward,The next action is move forward 75 cm.,,,4.105
417,2085,return,,VLM: forward,The next action is move forward 75 cm.,,,4.141
418,2090,return,,VLM: forward,The next action is move forward 75 cm.,,,4.181
419,2095,return,,VLM: forward,The next action is move forward 75 cm.,,,4.218
420,2100,return,,VLM: forward,The next action is move forward 75 cm.,,,4.254
421,2105,return,,VLM: forward,The next action is move forward 75 cm.,,,4.293
422,2110,return,,VLM: forward,The next action is move forward 75 cm.,,,4.332
423,2115,return,,VLM: forward,The next action is move forward 75 cm.,,,4.368
424,2120,return,,VLM: forward,The next action is move forward 75 cm.,,,4.406
425,2125,return,,VLM: forward,The next action is move forward 75 cm.,,,4.445
426,2130,return,,VLM: turn left,The next action is turn left 15 degree.,,,4.477
427,2135,return,,VLM: turn left,The next action is turn left 15 degree.,,,4.490
428,2140,return,,VLM: turn left,The next action is turn left 15 degree.,,,4.499
429,2145,return,,VLM: turn left,The next action is turn left 15 degree.,,,4.509
430,2150,return,,VLM: turn left,The next action is turn left 15 degree.,,,4.519
431,2155,return,,VLM: forward,The next action is move forward 75 cm.,,,4.533
432,2160,return,,VLM: forward,The next action is move forward 75 cm.,,,4.555
433,2165,return,,VLM: forward,The next action is move forward 75 cm.,,,4.583
434,2170,return,,VLM: forward,The next action is move forward 75 cm.,,,4.608
435,2175,return,,VLM: forward,The next action is move forward 75 cm.,,,4.637
436,2180,return,,VLM: forward,The next action is move forward 75 cm.,,,4.667
437,2185,return,,VLM: forward,The next action is move forward 75 cm.,,,4.695
438,2190,return,,VLM: forward,The next action is move forward 75 cm.,,,4.722
439,2195,return,,VLM: forward,The next action is move forward 75 cm.,,,4.747
440,2200,return,,VLM: forward,The next action is move forward 75 cm.,,,4.770
441,2205,return,,VLM: forward,The next action is move forward 75 cm.,,,4.797
442,2210,return,,VLM: forward,The next action is move forward 75 cm.,,,4.824
443,2215,return,,VLM: forward,The next action is move forward 75 cm.,,,4.845
444,2220,return,,VLM: forward,The next action is move forward 75 cm.,,,4.865
445,2225,return,,VLM: forward,The next action is move forward 75 cm.,,,4.887
446,2230,return,,VLM: forward,The next action is move forward 75 cm.,,,4.905
447,2235,return,,VLM: forward,The next action is move forward 75 cm.,,,4.924
448,2240,return,,VLM: forward,The next action is move forward 75 cm.,,,4.947
449,2245,return,,VLM: forward,The next action is move forward 75 cm.,,,4.967
450,2250,return,,VLM: forward,The next action is move forward 75 cm.,,,4.990
451,2255,return,,VLM: forward,The next action is move forward 75 cm.,,,5.018
452,2260,return,,VLM: forward,The next action is move forward 75 cm.,,,5.044
453,2265,return,,VLM: forward,The next action is move forward 75 cm.,,,5.070
454,2270,return,,VLM: forward,The next action is move forward 75 cm.,,,5.098
455,2275,return,,VLM: forward,The next action is move forward 75 cm.,,,5.126
456,2280,return,,VLM: forward,The next action is move forward 75 cm.,,,5.156
457,2285,return,,VLM: forward,The next action is move forward 75 cm.,,,5.185
458,2290,return,,VLM: forward,The next action is move forward 75 cm.,,,5.215
459,2295,return,,VLM: forward,The next action is move forward 75 cm.,,,5.242
460,2300,return,,VLM: forward,The next action is move forward 75 cm.,,,5.271
461,2305,return,,VLM: turn right,The next action is turn right 15 degree.,,,5.293
462,2310,return,,VLM: turn right,The next action is turn right 15 degree.,,,5.299
463,2315,return,,VLM: turn right,The next action is turn right 15 degree.,,,5.290
464,2320,return,,VLM: turn right,The next action is turn right 15 degree.,,,5.284
465,2325,return,,VLM: turn right,The next action is turn right 15 degree.,,,5.279
466,2330,return,,VLM: turn right,The next action is turn right 15 degree.,,,5.277
467,2335,return,,VLM: turn right,The next action is turn right 15 degree.,,,5.278
468,2340,return,,VLM: turn right,The next action is turn right 15 degree.,,,5.279
469,2345,return,,VLM: turn right,The next action is turn right 15 degree.,,,5.281
470,2350,return,,VLM: turn right,The next action is turn right 15 degree.,,,5.284
471,2355,return,,VLM: turn right,The next action is turn right 45 degree.,,,5.286
472,2360,return,,VLM: turn right,The next action is turn right 45 degree.,,,5.289
473,2365,return,,VLM: turn right,The next action is turn right 45 degree.,,,5.292
474,2370,return,,VLM: turn right,The next action is turn right 45 degree.,,,5.294
475,2375,return,,VLM: turn right,The next action is turn right 45 degree.,,,5.300
476,2380,return,,VLM: turn right,The next action is turn right 45 degree.,,,5.306
477,2385,return,,VLM: turn right,The next action is turn right 45 degree.,,,5.311
478,2390,return,,VLM: turn right,The next action is turn right 45 degree.,,,5.317
479,2395,return,,VLM: turn right,The next action is turn right 45 degree.,,,5.322
480,2400,return,,VLM: turn right,The next action is turn right 45 degree.,,,5.329
481,2405,return,,VLM: turn right,The next action is turn right 45 degree.,,,5.342
482,2410,return,,VLM: turn right,The next action is turn right 45 degree.,,,5.353
483,2415,return,,VLM: turn right,The next action is turn right 45 degree.,,,5.361
484,2420,return,,VLM: turn right,The next action is turn right 45 degree.,,,5.367
485,2425,return,,VLM: turn right,The next action is turn right 45 degree.,,,5.371
486,2430,return,,VLM: turn right,The next action is turn right 45 degree.,,,5.375
487,2435,return,,VLM: turn right,The next action is turn right 45 degree.,,,5.386
488,2440,return,,VLM: turn right,The next action is turn right 45 degree.,,,5.397
489,2445,return,,VLM: turn right,The next action is turn right 45 degree.,,,5.405
490,2450,return,,VLM: turn right,The next action is turn right 45 degree.,,,5.412
491,2455,return,,VLM: turn right,The next action is turn right 45 degree.,,,5.418
492,2460,return,,VLM: turn right,The next action is turn right 45 degree.,,,5.422
493,2465,return,,VLM: turn right,The next action is turn right 45 degree.,,,5.427
494,2470,return,,VLM: turn right,The next action is turn right 45 degree.,,,5.446
495,2475,return,,VLM: turn right,The next action is turn right 45 degree.,,,5.465
496,2480,return,,VLM: turn right,The next action is turn right 45 degree.,,,5.478
497,2485,return,,VLM: turn right,The next action is turn right 45 degree.,,,5.486
498,2490,return,,VLM: turn right,The next action is turn right 45 degree.,,,5.490
499,2495,return,,VLM: turn right,The next action is turn right 45 degree.,,,5.498
500,2500,return,,VLM: turn right,The next action is turn right 45 degree.,,,5.504
501,2505,return,,VLM: turn right,The next action is turn right 45 degree.,,,5.513
502,2510,return,,VLM: turn right,The next action is turn right 45 degree.,,,5.521
503,2515,return,,VLM: turn right,The next action is turn right 45 degree.,,,5.529
504,2520,return,,VLM: turn right,The next action is turn right 45 degree.,,,5.534
505,2525,return,,VLM: turn right,The next action is turn right 45 degree.,,,5.536
506,2530,return,,VLM: turn right,The next action is turn right 45 degree.,,,5.534
507,2535,return,,VLM: turn right,The next action is turn right 45 degree.,,,5.536
508,2540,return,,VLM: turn right,The next action is turn right 45 degree.,,,5.538
509,2545,return,,VLM: turn right,The next action is turn right 45 degree.,,,5.539
510,2550,return,,VLM: turn right,The next action is turn right 45 degree.,,,5.537
511,2555,return,,VLM: turn right,The next action is turn right 45 degree.,,,5.535
512,2560,return,,VLM: turn right,The next action is turn right 45 degree.,,,5.531
513,2565,return,,VLM: turn right,The next action is turn right 45 degree.,,,5.527
514,2570,return,,VLM: turn right,The next action is turn right 45 degree.,,,5.522
515,2575,return,,VLM: turn right,The next action is turn right 45 degree.,,,5.517
516,2580,return,,VLM: turn right,The next action is turn right 45 degree.,,,5.510
517,2585,return,,VLM: turn right,The next action is turn right 45 degree.,,,5.502
518,2590,return,,VLM: turn right,The next action is turn right 45 degree.,,,5.494
519,2595,return,,VLM: turn right,The next action is turn right 45 degree.,,,5.483
520,2600,return,,VLM: turn right,The next action is turn right 45 degree.,,,5.470
521,2605,return,,VLM: turn right,The next action is turn right 45 degree.,,,5.454
522,2610,return,,VLM: turn right,The next action is turn right 45 degree.,,,5.444
523,2615,return,,VLM: turn right,The next action is turn right 45 degree.,,,5.454
524,2620,return,,VLM: turn right,The next action is turn right 45 degree.,,,5.468
525,2625,return,,VLM: turn right,The next action is turn right 45 degree.,,,5.472
526,2630,return,,VLM: turn right,The next action is turn right 45 degree.,,,5.451
527,2635,return,,VLM: turn right,The next action is turn right 45 degree.,,,5.437
528,2640,return,,VLM: turn right,The next action is turn right 45 degree.,,,5.434
529,2645,return,,VLM: turn right,The next action is turn right 45 degree.,,,5.433
530,2650,return,,VLM: turn right,The next action is turn right 45 degree.,,,5.433
531,2655,return,,VLM: turn right,The next action is turn right 45 degree.,,,5.434
532,2660,return,,VLM: turn right,The next action is turn right 45 degree.,,,5.435
533,2665,return,,VLM: turn right,The next action is turn right 45 degree.,,,5.435
534,2670,return,,VLM: turn right,The next action is turn right 45 degree.,,,5.435
535,2675,return,,VLM: turn right,The next action is turn right 45 degree.,,,5.435
536,2680,return,,VLM: turn right,The next action is turn right 45 degree.,,,5.434
537,2685,return,,VLM: turn right,The next action is turn right 45 degree.,,,5.432
538,2690,return,,VLM: turn right,The next action is turn right 45 degree.,,,5.431
539,2695,return,,VLM: turn right,The next action is turn right 45 degree.,,,5.430
540,2700,return,,VLM: turn right,The next action is turn right 45 degree.,,,5.430
541,2705,return,,VLM: turn right,The next action is turn right 45 degree.,,,5.431
542,2710,return,,VLM: turn right,The next action is turn right 45 degree.,,,5.431
543,2715,return,,VLM: turn right,The next action is turn right 45 degree.,,,5.431
544,2720,return,,VLM: turn right,The next action is turn right 45 degree.,,,5.431
545,2725,return,,VLM: turn right,The next action is turn right 45 degree.,,,5.431
546,2730,return,,VLM: turn right,The next action is turn right 45 degree.,,,5.430
547,2735,return,,VLM: turn right,The next action is turn right 45 degree.,,,5.430
548,2740,return,,VLM: turn right,The next action is turn right 45 degree.,,,5.430
549,2745,return,,VLM: turn right,The next action is turn right 45 degree.,,,5.431
550,2750,return,,VLM: turn right,The next action is turn right 45 degree.,,,5.431
551,2755,return,,VLM: turn right,The next action is turn right 45 degree.,,,5.431
552,2760,return,,VLM: turn right,The next action is turn right 45 degree.,,,5.430
553,2765,return,,VLM: turn right,The next action is turn right 45 degree.,,,5.431
554,2770,return,,VLM: turn right,The next action is turn right 45 degree.,,,5.431
555,2775,return,,VLM: turn right,The next action is turn right 45 degree.,,,5.431
556,2780,return,,VLM: turn right,The next action is turn right 45 degree.,,,5.431
557,2785,return,,VLM: turn right,The next action is turn right 45 degree.,,,5.431
558,2790,return,,VLM: turn right,The next action is turn right 45 degree.,,,5.431
559,2795,return,,VLM: turn right,The next action is turn right 45 degree.,,,5.431
560,2800,return,,VLM: turn right,The next action is turn right 45 degree.,,,5.431
561,2805,return,,VLM: turn left,The next action is turn left 45 degree.,,,5.431
562,2810,return,,VLM: turn left,The next action is turn left 45 degree.,,,5.437
563,2815,return,,VLM: turn left,The next action is turn left 45 degree.,,,5.443
564,2820,return,,VLM: turn left,The next action is turn left 45 degree.,,,5.453
565,2825,return,,VLM: turn left,The next action is turn left 45 degree.,,,5.460
566,2830,return,,VLM: turn left,The next action is turn left 45 degree.,,,5.463
567,2835,return,,VLM: turn left,The next action is turn left 45 degree.,,,5.463
568,2840,return,,VLM: turn left,The next action is turn left 45 degree.,,,5.464
569,2845,return,,VLM: turn left,The next action is turn left 45 degree.,,,5.463
570,2850,return,,VLM: turn left,The next action is turn left 45 degree.,,,5.460
571,2855,return,,VLM: turn left,The next action is turn left 45 degree.,,,5.456
572,2860,return,,VLM: turn left,The next action is turn left 45 degree.,,,5.455
573,2865,return,,VLM: turn left,The next action is turn left 45 degree.,,,5.456
574,2870,return,,VLM: turn left,The next action is turn left 45 degree.,,,5.456
575,2875,return,,VLM: turn left,The next action is turn left 45 degree.,,,5.456
576,2880,return,,VLM: turn right,The next action is turn right 45 degree.,,,5.459
577,2885,return,,VLM: turn right,The next action is turn right 45 degree.,,,5.469
578,2890,return,,VLM: turn right,The next action is turn right 45 degree.,,,5.479
579,2895,return,,VLM: turn right,The next action is turn right 45 degree.,,,5.485
580,2900,return,,VLM: turn right,The next action is turn right 45 degree.,,,5.491
581,2905,return,,VLM: turn right,The next action is turn right 45 degree.,,,5.495
582,2910,return,,VLM: turn right,The next action is turn right 45 degree.,,,5.497
583,2915,return,,VLM: turn right,The next action is turn right 45 degree.,,,5.499
584,2920,return,,VLM: turn right,The next action is turn right 45 degree.,,,5.500
585,2925,return,,VLM: turn right,The next action is turn right 45 degree.,,,5.499
586,2930,return,,VLM: turn right,The next action is turn right 45 degree.,,,5.498
587,2935,return,,VLM: turn right,The next action is turn right 45 degree.,,,5.495
588,2940,return,,VLM: turn right,The next action is turn right 45 degree.,,,5.489
589,2945,return,,VLM: turn right,The next action is turn right 45 degree.,,,5.483
590,2950,return,,VLM: turn right,The next action is turn right 45 degree.,,,5.476
591,2955,return,,VLM: turn right,The next action is turn right 45 degree.,,,5.474
592,2960,return,,VLM: turn right,The next action is turn right 45 degree.,,,5.471
593,2965,return,,VLM: turn right,The next action is turn right 45 degree.,,,5.465
594,2970,return,,VLM: turn right,The next action is turn right 45 degree.,,,5.458
595,2975,return,,VLM: turn right,The next action is turn right 45 degree.,,,5.451
596,2980,return,,VLM: turn right,The next action is turn right 45 degree.,,,5.442
597,2985,return,,VLM: turn right,The next action is turn right 45 degree.,,,5.434
598,2990,return,,VLM: turn right,The next action is turn right 45 degree.,,,5.430
599,2995,return,,VLM: turn right,The next action is turn right 45 degree.,,,5.433
600,3000,return,,VLM: turn right,The next action is turn right 45 degree.,,,5.443
601,3005,return,,VLM: turn right,The next action is turn right 45 degree.,,,5.445
602,3010,return,,VLM: turn right,The next action is turn right 45 degree.,,,5.447
603,3015,return,,VLM: turn right,The next action is turn right 45 degree.,,,5.447
604,3020,return,,VLM: turn right,The next action is turn right 45 degree.,,,5.445
605,3025,return,,VLM: turn right,The next action is turn right 45 degree.,,,5.443
606,3030,return,,VLM: turn left,The next action is turn left 45 degree.,,,5.441
607,3035,return,,VLM: turn left,The next action is turn left 45 degree.,,,5.446
608,3040,return,,VLM: turn left,The next action is turn left 45 degree.,,,5.460
609,3045,return,,VLM: turn left,The next action is turn left 45 degree.,,,5.465
610,3050,return,,VLM: turn left,The next action is turn left 45 degree.,,,5.461
611,3055,return,,VLM: turn left,The next action is turn left 45 degree.,,,5.462
612,3060,return,,VLM: turn left,The next action is turn left 45 degree.,,,5.467
613,3065,return,,VLM: turn left,The next action is turn left 45 degree.,,,5.468
614,3070,return,,VLM: turn left,The next action is turn left 45 degree.,,,5.468
615,3075,return,,VLM: turn left,The next action is turn left 45 degree.,,,5.473
616,3080,return,,VLM: turn left,The next action is turn left 45 degree.,,,5.480
617,3085,return,,VLM: turn left,The next action is turn left 45 degree.,,,5.486
618,3090,return,,VLM: turn left,The next action is turn left 45 degree.,,,5.487
619,3095,return,,VLM: turn left,The next action is turn left 45 degree.,,,5.488
620,3100,return,,VLM: turn left,The next action is turn left 45 degree.,,,5.492
621,3105,return,,VLM: turn right,The next action is turn right 45 degree.,,,5.499
622,3110,return,,VLM: turn right,The next action is turn right 45 degree.,,,5.507
623,3115,return,,VLM: turn right,The next action is turn right 45 degree.,,,5.517
624,3120,return,,VLM: turn right,The next action is turn right 45 degree.,,,5.525
625,3125,return,,VLM: turn right,The next action is turn right 45 degree.,,,5.532
626,3130,return,,VLM: turn right,The next action is turn right 45 degree.,,,5.538
627,3135,return,,VLM: turn right,The next action is turn right 45 degree.,,,5.542
628,3140,return,,VLM: turn right,The next action is turn right 45 degree.,,,5.545
629,3145,return,,VLM: turn right,The next action is turn right 45 degree.,,,5.545
630,3150,return,,VLM: turn right,The next action is turn right 45 degree.,,,5.544
631,3155,return,,VLM: turn right,The next action is turn right 45 degree.,,,5.539
632,3160,return,,VLM: turn right,The next action is turn right 45 degree.,,,5.540
633,3165,return,,VLM: turn right,The next action is turn right 45 degree.,,,5.539
634,3170,return,,VLM: turn right,The next action is turn right 45 degree.,,,5.537
635,3175,return,,VLM: turn right,The next action is turn right 45 degree.,,,5.535
636,3180,return,,VLM: turn right,The next action is turn right 45 degree.,,,5.534
637,3185,return,,VLM: turn right,The next action is turn right 45 degree.,,,5.532
638,3190,return,,VLM: turn right,The next action is turn right 45 degree.,,,5.530
639,3195,return,,VLM: turn right,The next action is turn right 45 degree.,,,5.530
640,3200,return,,VLM: turn right,The next action is turn right 45 degree.,,,5.529
641,3205,return,,VLM: turn right,The next action is turn right 45 degree.,,,5.526
642,3210,return,,VLM: turn right,The next action is turn right 45 degree.,,,5.523
643,3215,return,,VLM: turn right,The next action is turn right 45 degree.,,,5.520
644,3220,return,,VLM: turn right,The next action is turn right 45 degree.,,,5.516
645,3225,return,,VLM: turn right,The next action is turn right 45 degree.,,,5.511
646,3230,return,,VLM: turn right,The next action is turn right 45 degree.,,,5.506
647,3235,return,,VLM: turn right,The next action is turn right 45 degree.,,,5.500
648,3240,return,,VLM: turn right,The next action is turn right 45 degree.,,,5.497
649,3245,return,,VLM: turn right,The next action is turn right 45 degree.,,,5.496
650,3250,return,,VLM: turn right,The next action is turn right 45 degree.,,,5.490
651,3255,return,,VLM: turn left,The next action is turn left 45 degree.,,,5.486
652,3260,return,,VLM: turn left,The next action is turn left 45 degree.,,,5.491
653,3265,return,,VLM: turn left,The next action is turn left 45 degree.,,,5.496
654,3270,return,,VLM: turn left,The next action is turn left 45 degree.,,,5.502
655,3275,return,,VLM: turn left,The next action is turn left 45 degree.,,,5.507
656,3280,return,,VLM: turn left,The next action is turn left 45 degree.,,,5.509
657,3285,return,,VLM: turn left,The next action is turn left 45 degree.,,,5.511
658,3290,return,,VLM: turn left,The next action is turn left 45 degree.,,,5.515
659,3295,return,,VLM: turn left,The next action is turn left 45 degree.,,,5.521
660,3300,return,,VLM: turn left,The next action is turn left 45 degree.,,,5.521
661,3305,return,,VLM: turn left,The next action is turn left 45 degree.,,,5.519
662,3310,return,,VLM: turn left,The next action is turn left 45 degree.,,,5.519
663,3315,return,,VLM: turn left,The next action is turn left 45 degree.,,,5.526
664,3320,return,,VLM: turn left,The next action is turn left 45 degree.,,,5.537
665,3325,return,,VLM: turn left,The next action is turn left 45 degree.,,,5.542
666,3330,return,,VLM: turn right,The next action is turn right 45 degree.,,,5.547
667,3335,return,,VLM: turn right,The next action is turn right 45 degree.,,,5.552
668,3340,return,,VLM: turn right,The next action is turn right 45 degree.,,,5.562
669,3345,return,,VLM: turn right,The next action is turn right 45 degree.,,,5.570
670,3350,return,,VLM: turn right,The next action is turn right 45 degree.,,,5.574
671,3355,return,,VLM: turn right,The next action is turn right 45 degree.,,,5.577
672,3360,return,,VLM: turn right,The next action is turn right 45 degree.,,,5.584
673,3365,return,,VLM: turn right,The next action is turn right 45 degree.,,,5.591
674,3370,return,,VLM: turn right,The next action is turn right 45 degree.,,,5.596
675,3375,return,,VLM: turn right,The next action is turn right 45 degree.,,,5.601
676,3380,return,,VLM: turn right,The next action is turn right 45 degree.,,,5.604
677,3385,return,,VLM: turn right,The next action is turn right 45 degree.,,,5.605
678,3390,return,,VLM: turn right,The next action is turn right 45 degree.,,,5.606
679,3395,return,,VLM: turn right,The next action is turn right 45 degree.,,,5.606
680,3400,return,,VLM: turn right,The next action is turn right 45 degree.,,,5.608
681,3405,return,,VLM: turn left,The next action is turn left 45 degree.,,,5.608
682,3410,return,,VLM: turn left,The next action is turn left 45 degree.,,,5.611
683,3415,return,,VLM: turn left,The next action is turn left 45 degree.,,,5.614
684,3420,return,,VLM: turn left,The next action is turn left 45 degree.,,,5.620
685,3425,return,,VLM: turn left,The next action is turn left 45 degree.,,,5.623
686,3430,return,,VLM: turn left,The next action is turn left 45 degree.,,,5.628
687,3435,return,,VLM: turn left,The next action is turn left 45 degree.,,,5.626
688,3440,return,,VLM: turn left,The next action is turn left 45 degree.,,,5.629
689,3445,return,,VLM: turn left,The next action is turn left 45 degree.,,,5.634
690,3450,return,,VLM: turn left,The next action is turn left 45 degree.,,,5.640
691,3455,return,,VLM: turn left,The next action is turn left 45 degree.,,,5.649
692,3460,return,,VLM: turn left,The next action is turn left 45 degree.,,,5.655
693,3465,return,,VLM: turn left,The next action is turn left 45 degree.,,,5.658
694,3470,return,,VLM: turn left,The next action is turn left 45 degree.,,,5.666
695,3475,return,,VLM: turn left,The next action is turn left 45 degree.,,,5.676
696,3480,return,,VLM: turn right,The next action is turn right 45 degree.,,,5.680
697,3485,return,,VLM: turn right,The next action is turn right 45 degree.,,,5.684
698,3490,return,,VLM: turn right,The next action is turn right 45 degree.,,,5.689
699,3495,return,,VLM: turn right,The next action is turn right 45 degree.,,,5.692
700,3500,return,,VLM: turn right,The next action is turn right 45 degree.,,,5.695
701,3505,return,,VLM: turn right,The next action is turn right 45 degree.,,,5.698
702,3510,return,,VLM: turn right,The next action is turn right 45 degree.,,,5.702
703,3515,return,,VLM: turn right,The next action is turn right 45 degree.,,,5.708
704,3520,return,,VLM: turn right,The next action is turn right 45 degree.,,,5.715
705,3525,return,,VLM: turn right,The next action is turn right 45 degree.,,,5.723
706,3530,return,,VLM: turn right,The next action is turn right 45 degree.,,,5.729
707,3535,return,,VLM: turn right,The next action is turn right 45 degree.,,,5.734
708,3540,return,,VLM: turn right,The next action is turn right 45 degree.,,,5.738
709,3545,return,,VLM: turn right,The next action is turn right 45 degree.,,,5.741
710,3550,return,,VLM: turn right,The next action is turn right 45 degree.,,,5.750
711,3555,return,,VLM: turn right,The next action is turn right 45 degree.,,,5.764
712,3560,return,,VLM: turn right,The next action is turn right 45 degree.,,,5.775
713,3565,return,,VLM: turn right,The next action is turn right 45 degree.,,,5.784
714,3570,return,,VLM: turn right,The next action is turn right 45 degree.,,,5.791
715,3575,return,,VLM: turn right,The next action is turn right 45 degree.,,,5.796
716,3580,return,,VLM: turn right,The next action is turn right 45 degree.,,,5.804
717,3585,return,,VLM: turn right,The next action is turn right 45 degree.,,,5.814
718,3590,return,,VLM: turn right,The next action is turn right 45 degree.,,,5.823
719,3595,return,,VLM: turn right,The next action is turn right 45 degree.,,,5.832
720,3600,return,,VLM: turn right,The next action is turn right 45 degree.,,,5.839
721,3605,return,,VLM: turn right,The next action is turn right 45 degree.,,,5.845
722,3610,return,,VLM: turn right,The next action is turn right 45 degree.,,,5.852
723,3615,return,,VLM: turn right,The next action is turn right 45 degree.,,,5.865
724,3620,return,,VLM: turn right,The next action is turn right 45 degree.,,,5.875
725,3625,return,,VLM: turn right,The next action is turn right 45 degree.,,,5.880
726,3630,return,,VLM: turn left,The next action is turn left 45 degree.,,,5.883
727,3635,return,,VLM: turn left,The next action is turn left 45 degree.,,,5.880
728,3640,return,,VLM: turn left,The next action is turn left 45 degree.,,,5.878
729,3645,return,,VLM: turn left,The next action is turn left 45 degree.,,,5.877
730,3650,return,,VLM: turn left,The next action is turn left 45 degree.,,,5.878
731,3655,return,,VLM: turn left,The next action is turn left 45 degree.,,,5.879
732,3660,return,,VLM: turn left,The next action is turn left 45 degree.,,,5.880
733,3665,return,,VLM: turn left,The next action is turn left 45 degree.,,,5.880
734,3670,return,,VLM: turn left,The next action is turn left 45 degree.,,,5.879
735,3675,return,,VLM: turn left,The next action is turn left 45 degree.,,,5.876
736,3680,return,,VLM: turn left,The next action is turn left 45 degree.,,,5.872
737,3685,return,,VLM: turn left,The next action is turn left 45 degree.,,,5.864
738,3690,return,,VLM: turn left,The next action is turn left 45 degree.,,,5.864
739,3695,return,,VLM: turn left,The next action is turn left 45 degree.,,,5.868
740,3700,return,,VLM: turn left,The next action is turn left 45 degree.,,,5.872
741,3705,return,,VLM: turn right,The next action is turn right 45 degree.,,,5.877
742,3710,return,,VLM: turn right,The next action is turn right 45 degree.,,,5.881
743,3715,return,,VLM: turn right,The next action is turn right 45 degree.,,,5.887
744,3720,return,,VLM: turn right,The next action is turn right 45 degree.,,,5.893
745,3725,return,,VLM: turn right,The next action is turn right 45 degree.,,,5.897
746,3730,return,,VLM: turn right,The next action is turn right 45 degree.,,,5.898
747,3735,return,,VLM: turn right,The next action is turn right 45 degree.,,,5.907
748,3740,return,,VLM: turn right,The next action is turn right 45 degree.,,,5.916
749,3745,return,,VLM: turn right,The next action is turn right 45 degree.,,,5.924
750,3750,return,,VLM: turn right,The next action is turn right 45 degree.,,,5.931
751,3755,return,,VLM: turn right,The next action is turn right 45 degree.,,,5.936
752,3760,return,,VLM: turn right,The next action is turn right 45 degree.,,,5.943
753,3765,return,,VLM: turn right,The next action is turn right 45 degree.,,,5.953
754,3770,return,,VLM: turn right,The next action is turn right 45 degree.,,,5.964
755,3775,return,,VLM: turn right,The next action is turn right 45 degree.,,,5.972
756,3780,return,,VLM: turn right,The next action is turn right 45 degree.,,,5.979
757,3785,return,,VLM: turn right,The next action is turn right 45 degree.,,,5.985
758,3790,return,,VLM: turn right,The next action is turn right 45 degree.,,,5.991
759,3795,return,,VLM: turn right,The next action is turn right 45 degree.,,,6.004
760,3800,return,,VLM: turn right,The next action is turn right 45 degree.,,,6.017
761,3805,return,,VLM: turn right,The next action is turn right 45 degree.,,,6.023
762,3810,return,,VLM: turn right,The next action is turn right 45 degree.,,,6.026
763,3815,return,,VLM: turn right,The next action is turn right 45 degree.,,,6.027
764,3820,return,,VLM: turn right,The next action is turn right 45 degree.,,,6.028
765,3825,return,,VLM: turn right,The next action is turn right 45 degree.,,,6.031
766,3830,return,,VLM: turn right,The next action is turn right 45 degree.,,,6.041
767,3835,return,,VLM: turn right,The next action is turn right 45 degree.,,,6.052
768,3840,return,,VLM: turn right,The next action is turn right 45 degree.,,,6.057
769,3845,return,,VLM: turn right,The next action is turn right 45 degree.,,,6.058
770,3850,return,,VLM: turn right,The next action is turn right 45 degree.,,,6.058
771,3855,return,,VLM: turn right,The next action is turn right 45 degree.,,,6.056
772,3860,return,,VLM: turn right,The next action is turn right 45 degree.,,,6.057
773,3865,return,,VLM: turn right,The next action is turn right 45 degree.,,,6.061
774,3870,return,,VLM: turn right,The next action is turn right 45 degree.,,,6.072
775,3875,return,,VLM: turn right,The next action is turn right 45 degree.,,,6.079
776,3880,return,,VLM: turn right,The next action is turn right 45 degree.,,,6.080
777,3885,return,,VLM: turn right,The next action is turn right 45 degree.,,,6.077
778,3890,return,,VLM: turn right,The next action is turn right 45 degree.,,,6.075
779,3895,return,,VLM: turn right,The next action is turn right 45 degree.,,,6.074
780,3900,return,,VLM: turn right,The next action is turn right 45 degree.,,,6.080
781,3905,return,,VLM: turn right,The next action is turn right 45 degree.,,,6.083
782,3910,return,,VLM: turn right,The next action is turn right 45 degree.,,,6.082
783,3915,return,,VLM: turn right,The next action is turn right 45 degree.,,,6.079
784,3920,return,,VLM: turn right,The next action is turn right 45 degree.,,,6.079
785,3925,return,,VLM: turn right,The next action is turn right 45 degree.,,,6.083
786,3930,return,,VLM: turn right,The next action is turn right 45 degree.,,,6.083
787,3935,return,,VLM: turn right,The next action is turn right 45 degree.,,,6.082
788,3940,return,,VLM: turn right,The next action is turn right 45 degree.,,,6.081
789,3945,return,,VLM: turn right,The next action is turn right 45 degree.,,,6.076
790,3950,return,,VLM: turn right,The next action is turn right 45 degree.,,,6.072
791,3955,return,,VLM: turn right,The next action is turn right 45 degree.,,,6.070
792,3960,return,,VLM: turn right,The next action is turn right 45 degree.,,,6.067
793,3965,return,,VLM: turn right,The next action is turn right 45 degree.,,,6.069
794,3970,return,,VLM: turn right,The next action is turn right 45 degree.,,,6.069
795,3975,return,,VLM: turn right,The next action is turn right 45 degree.,,,6.072
796,3980,return,,VLM: turn right,The next action is turn right 45 degree.,,,6.072
797,3985,return,,VLM: turn right,The next action is turn right 45 degree.,,,6.073
798,3990,return,,VLM: turn right,The next action is turn right 45 degree.,,,6.077
799,3995,return,,VLM: turn right,The next action is turn right 45 degree.,,,6.081
800,4000,return,,VLM: turn right,The next action is turn right 45 degree.,,,6.082
801,4005,return,,VLM: turn right,The next action is turn right 15 degree.,,,6.082
802,4010,return,,VLM: turn right,The next action is turn right 15 degree.,,,6.080
803,4015,return,,VLM: turn right,The next action is turn right 15 degree.,,,6.078
804,4020,return,,VLM: turn right,The next action is turn right 15 degree.,,,6.075
805,4025,return,,VLM: turn right,The next action is turn right 15 degree.,,,6.074
806,4030,return,,VLM: turn right,The next action is turn right 45 degree.,,,6.072
807,4035,return,,VLM: turn right,The next action is turn right 45 degree.,,,6.073
808,4040,return,,VLM: turn right,The next action is turn right 45 degree.,,,6.074
809,4045,return,,VLM: turn right,The next action is turn right 45 degree.,,,6.074
810,4050,return,,VLM: turn right,The next action is turn right 45 degree.,,,6.075
811,4055,return,,VLM: turn right,The next action is turn right 45 degree.,,,6.077
812,4060,return,,VLM: turn right,The next action is turn right 45 degree.,,,6.081
813,4065,return,,VLM: turn right,The next action is turn right 45 degree.,,,6.082
814,4070,return,,VLM: turn right,The next action is turn right 45 degree.,,,6.079
815,4075,return,,VLM: turn right,The next action is turn right 45 degree.,,,6.074
816,4080,return,,VLM: turn right,The next action is turn right 45 degree.,,,6.070
817,4085,return,,VLM: turn right,The next action is turn right 45 degree.,,,6.070
818,4090,return,,VLM: turn right,The next action is turn right 45 degree.,,,6.066
819,4095,return,,VLM: turn right,The next action is turn right 45 degree.,,,6.061
820,4100,return,,VLM: turn right,The next action is turn right 45 degree.,,,6.053
821,4105,return,,VLM: turn right,The next action is turn right 15 degree.,,,6.050
822,4110,return,,VLM: turn right,The next action is turn right 15 degree.,,,6.048
823,4115,return,,VLM: turn right,The next action is turn right 15 degree.,,,6.044
824,4120,return,,VLM: turn right,The next action is turn right 15 degree.,,,6.041
825,4125,return,,VLM: turn right,The next action is turn right 15 degree.,,,6.039
826,4130,return,,VLM: forward,The next action is move forward 25 cm.,,,6.027
827,4135,return,,VLM: forward,The next action is move forward 25 cm.,,,5.999
828,4140,return,,VLM: forward,The next action is move forward 25 cm.,,,5.965
829,4145,return,,VLM: forward,The next action is move forward 25 cm.,,,5.929
830,4150,return,,VLM: forward,The next action is move forward 25 cm.,,,5.891
831,4155,return,,VLM: forward,The next action is move forward 25 cm.,,,5.846
832,4160,return,,VLM: forward,The next action is move forward 25 cm.,,,5.808
833,4165,return,,VLM: forward,The next action is move forward 25 cm.,,,5.764
834,4170,return,,VLM: forward,The next action is move forward 25 cm.,,,5.721
835,4175,return,,VLM: forward,The next action is move forward 25 cm.,,,5.683
836,4180,return,,VLM: turn right,The next action is turn right 45 degree.,,,5.643
837,4185,return,,VLM: turn right,The next action is turn right 45 degree.,,,5.617
838,4190,return,,VLM: turn right,The next action is turn right 45 degree.,,,5.603
839,4195,return,,VLM: turn right,The next action is turn right 45 degree.,,,5.594
840,4200,return,,VLM: turn right,The next action is turn right 45 degree.,,,5.588
841,4205,return,,VLM: turn right,The next action is turn right 45 degree.,,,5.583
842,4210,return,,VLM: turn right,The next action is turn right 45 degree.,,,5.577
843,4215,return,,VLM: turn right,The next action is turn right 45 degree.,,,5.569
844,4220,return,,VLM: turn right,The next action is turn right 45 degree.,,,5.569
845,4225,return,,VLM: turn right,The next action is turn right 45 degree.,,,5.570
846,4230,return,,VLM: turn right,The next action is turn right 45 degree.,,,5.572
847,4235,return,,VLM: turn right,The next action is turn right 45 degree.,,,5.574
848,4240,return,,VLM: turn right,The next action is turn right 45 degree.,,,5.577
849,4245,return,,VLM: turn right,The next action is turn right 45 degree.,,,5.580
850,4250,return,,VLM: turn right,The next action is turn right 45 degree.,,,5.583
851,4255,return,,VLM: turn right,The next action is turn right 45 degree.,,,5.585
852,4260,return,,VLM: turn right,The next action is turn right 45 degree.,,,5.589
853,4265,return,,VLM: turn right,The next action is turn right 45 degree.,,,5.590
854,4270,return,,VLM: turn right,The next action is turn right 45 degree.,,,5.593
855,4275,return,,VLM: turn right,The next action is turn right 45 degree.,,,5.594
856,4280,return,,VLM: turn right,The next action is turn right 45 degree.,,,5.596
857,4285,return,,VLM: turn right,The next action is turn right 45 degree.,,,5.597
858,4290,return,,VLM: turn right,The next action is turn right 45 degree.,,,5.599
859,4295,return,,VLM: turn right,The next action is turn right 45 degree.,,,5.600
860,4300,return,,VLM: turn right,The next action is turn right 45 degree.,,,5.601
861,4305,return,,VLM: turn right,The next action is turn right 45 degree.,,,5.602
862,4310,return,,VLM: turn right,The next action is turn right 45 degree.,,,5.604
863,4315,return,,VLM: turn right,The next action is turn right 45 degree.,,,5.605
864,4320,return,,VLM: turn right,The next action is turn right 45 degree.,,,5.606
865,4325,return,,VLM: turn right,The next action is turn right 45 degree.,,,5.607
866,4330,return,,VLM: turn right,The next action is turn right 15 degree.,,,5.608
867,4335,return,,VLM: turn right,The next action is turn right 15 degree.,,,5.609
868,4340,return,,VLM: turn right,The next action is turn right 15 degree.,,,5.609
869,4345,return,,VLM: turn right,The next action is turn right 15 degree.,,,5.608
870,4350,return,,VLM: turn right,The next action is turn right 15 degree.,,,5.607
871,4355,return,,VLM: turn right,The next action is turn right 15 degree.,,,5.605
872,4360,return,,VLM: turn right,The next action is turn right 15 degree.,,,5.606
873,4365,return,,VLM: turn right,The next action is turn right 15 degree.,,,5.606
874,4370,return,,VLM: turn right,The next action is turn right 15 degree.,,,5.606
875,4375,return,,VLM: turn right,The next action is turn right 15 degree.,,,5.607
876,4380,return,,VLM: turn right,The next action is turn right 15 degree.,,,5.607
877,4385,return,,VLM: turn right,The next action is turn right 15 degree.,,,5.608
878,4390,return,,VLM: turn right,The next action is turn right 15 degree.,,,5.608
879,4395,return,,VLM: turn right,The next action is turn right 15 degree.,,,5.608
880,4400,return,,VLM: turn right,The next action is turn right 15 degree.,,,5.608
881,4405,return,,VLM: turn right,The next action is turn right 15 degree.,,,5.609
882,4410,return,,VLM: turn right,The next action is turn right 15 degree.,,,5.609
883,4415,return,,VLM: turn right,The next action is turn right 15 degree.,,,5.609
884,4420,return,,VLM: turn right,The next action is turn right 15 degree.,,,5.610
885,4425,return,,VLM: turn right,The next action is turn right 15 degree.,,,5.610
886,4430,return,,VLM: turn right,The next action is turn right 15 degree.,,,5.611
887,4435,return,,VLM: turn right,The next action is turn right 15 degree.,,,5.611
888,4440,return,,VLM: turn right,The next action is turn right 15 degree.,,,5.612
889,4445,return,,VLM: turn right,The next action is turn right 15 degree.,,,5.612
890,4450,return,,VLM: turn right,The next action is turn right 15 degree.,,,5.613
891,4455,return,,VLM: turn right,The next action is turn right 15 degree.,,,5.613
892,4460,return,,VLM: turn right,The next action is turn right 15 degree.,,,5.614
893,4465,return,,VLM: turn right,The next action is turn right 15 degree.,,,5.614
894,4470,return,,VLM: turn right,The next action is turn right 15 degree.,,,5.615
895,4475,return,,VLM: turn right,The next action is turn right 15 degree.,,,5.615
896,4480,return,,VLM: turn right,The next action is turn right 15 degree.,,,5.616
897,4485,return,,VLM: turn right,The next action is turn right 15 degree.,,,5.616
898,4490,return,,VLM: turn right,The next action is turn right 15 degree.,,,5.617
899,4495,return,,VLM: turn right,The next action is turn right 15 degree.,,,5.617
900,4500,return,,VLM: turn right,The next action is turn right 15 degree.,,,5.617
901,4505,return,,VLM: turn right,The next action is turn right 15 degree.,,,5.617
902,4510,return,,VLM: turn right,The next action is turn right 15 degree.,,,5.617
903,4515,return,,VLM: turn right,The next action is turn right 15 degree.,,,5.617
904,4520,return,,VLM: turn right,The next action is turn right 15 degree.,,,5.617
905,4525,return,,VLM: turn right,The next action is turn right 15 degree.,,,5.617
906,4530,return,,VLM: turn right,The next action is turn right 15 degree.,,,5.617
907,4535,return,,VLM: turn right,The next action is turn right 15 degree.,,,5.617
908,4540,return,,VLM: turn right,The next action is turn right 15 degree.,,,5.617
909,4545,return,,VLM: turn right,The next action is turn right 15 degree.,,,5.616
910,4550,return,,VLM: turn right,The next action is turn right 15 degree.,,,5.616
911,4555,return,,VLM: turn right,The next action is turn right 15 degree.,,,5.617
912,4560,return,,VLM: turn right,The next action is turn right 15 degree.,,,5.616
913,4565,return,,VLM: turn right,The next action is turn right 15 degree.,,,5.616
914,4570,return,,VLM: turn right,The next action is turn right 15 degree.,,,5.616
915,4575,return,,VLM: turn right,The next action is turn right 15 degree.,,,5.616
916,4580,return,,VLM: forward,The next action is move forward 25 cm.,,,5.610
917,4585,return,,VLM: forward,The next action is move forward 25 cm.,,,5.594
918,4590,return,,VLM: forward,The next action is move forward 25 cm.,,,5.580
919,4595,return,,VLM: forward,The next action is move forward 25 cm.,,,5.568
920,4600,return,,VLM: forward,The next action is move forward 25 cm.,,,5.559
921,4605,return,,VLM: turn right,The next action is turn right 15 degree.,,,5.552
922,4610,return,,VLM: turn right,The next action is turn right 15 degree.,,,5.551
923,4615,return,,VLM: turn right,The next action is turn right 15 degree.,,,5.549
924,4620,return,,VLM: turn right,The next action is turn right 15 degree.,,,5.547
925,4625,return,,VLM: turn right,The next action is turn right 15 degree.,,,5.545
926,4630,return,,VLM: turn right,The next action is turn right 45 degree.,,,5.545
927,4635,return,,VLM: turn right,The next action is turn right 45 degree.,,,5.544
928,4640,return,,VLM: turn right,The next action is turn right 45 degree.,,,5.543
929,4645,return,,VLM: turn right,The next action is turn right 45 degree.,,,5.543
930,4650,return,,VLM: turn right,The next action is turn right 45 degree.,,,5.542
931,4655,return,,VLM: turn right,The next action is turn right 45 degree.,,,5.542
932,4660,return,,VLM: turn right,The next action is turn right 45 degree.,,,5.542
933,4665,return,,VLM: turn right,The next action is turn right 45 degree.,,,5.542
934,4670,return,,VLM: turn right,The next action is turn right 45 degree.,,,5.542
935,4675,return,,VLM: turn right,The next action is turn right 45 degree.,,,5.542
936,4680,return,,VLM: turn right,The next action is turn right 45 degree.,,,5.542
937,4685,return,,VLM: turn right,The next action is turn right 45 degree.,,,5.542
938,4690,return,,VLM: turn right,The next action is turn right 45 degree.,,,5.542
939,4695,return,,VLM: turn right,The next action is turn right 45 degree.,,,5.542
940,4700,return,,VLM: turn right,The next action is turn right 45 degree.,,,5.542
941,4705,return,,VLM: turn left,The next action is turn left 45 degree.,,,5.541
942,4710,return,,VLM: turn left,The next action is turn left 45 degree.,,,5.538
943,4715,return,,VLM: turn left,The next action is turn left 45 degree.,,,5.534
944,4720,return,,VLM: turn left,The next action is turn left 45 degree.,,,5.526
945,4725,return,,VLM: turn left,The next action is turn left 45 degree.,,,5.516
946,4730,return,,VLM: turn left,The next action is turn left 45 degree.,,,5.505
947,4735,return,,VLM: turn left,The next action is turn left 45 degree.,,,5.496
948,4740,return,,VLM: turn left,The next action is turn left 45 degree.,,,5.489
949,4745,return,,VLM: turn left,The next action is turn left 45 degree.,,,5.483
950,4750,return,,VLM: turn left,The next action is turn left 45 degree.,,,5.476
951,4755,return,,VLM: turn left,The next action is turn left 45 degree.,,,5.470
952,4760,return,,VLM: turn left,The next action is turn left 45 degree.,,,5.467
953,4765,return,,VLM: turn left,The next action is turn left 45 degree.,,,5.461
954,4770,return,,VLM: turn left,The next action is turn left 45 degree.,,,5.454
955,4775,return,,VLM: turn left,The next action is turn left 45 degree.,,,5.448
956,4780,return,,VLM: turn left,The next action is turn left 15 degree.,,,5.445
957,4785,return,,VLM: turn left,The next action is turn left 15 degree.,,,5.442
958,4790,return,,VLM: turn left,The next action is turn left 15 degree.,,,5.439
959,4795,return,,VLM: turn left,The next action is turn left 15 degree.,,,5.436
960,4800,return,,VLM: turn left,The next action is turn left 15 degree.,,,5.429
961,4805,return,,VLM: turn left,The next action is turn left 15 degree.,,,5.424
962,4810,return,,VLM: turn left,The next action is turn left 15 degree.,,,5.417
963,4815,return,,VLM: turn left,The next action is turn left 15 degree.,,,5.410
964,4820,return,,VLM: turn left,The next action is turn left 15 degree.,,,5.401
965,4825,return,,VLM: turn left,The next action is turn left 15 degree.,,,5.394
966,4830,return,,VLM: turn left,The next action is turn left 45 degree.,,,5.387
967,4835,return,,VLM: turn left,The next action is turn left 45 degree.,,,5.380
968,4840,return,,VLM: turn left,The next action is turn left 45 degree.,,,5.370
969,4845,return,,VLM: turn left,The next action is turn left 45 degree.,,,5.360
970,4850,return,,VLM: turn left,The next action is turn left 45 degree.,,,5.350
971,4855,return,,VLM: turn left,The next action is turn left 45 degree.,,,5.340
972,4860,return,,VLM: turn left,The next action is turn left 45 degree.,,,5.331
973,4865,return,,VLM: turn left,The next action is turn left 45 degree.,,,5.322
974,4870,return,,VLM: turn left,The next action is turn left 45 degree.,,,5.313
975,4875,return,,VLM: turn left,The next action is turn left 45 degree.,,,5.304
976,4880,return,,VLM: turn left,The next action is turn left 45 degree.,,,5.292
977,4885,return,,VLM: turn left,The next action is turn left 45 degree.,,,5.283
978,4890,return,,VLM: turn left,The next action is turn left 45 degree.,,,5.272
979,4895,return,,VLM: turn left,The next action is turn left 45 degree.,,,5.263
980,4900,return,,VLM: turn left,The next action is turn left 45 degree.,,,5.254
981,4905,return,,VLM: turn right,The next action is turn right 15 degree.,,,5.246
982,4910,return,,VLM: turn right,The next action is turn right 15 degree.,,,5.242
983,4915,return,,VLM: turn right,The next action is turn right 15 degree.,,,5.239
984,4920,return,,VLM: turn right,The next action is turn right 15 degree.,,,5.238
985,4925,return,,VLM: turn right,The next action is turn right 15 degree.,,,5.237
986,4930,return,,VLM: forward,The next action is move forward 75 cm.,,,5.234
987,4935,return,,VLM: forward,The next action is move forward 75 cm.,,,5.220
988,4940,return,,VLM: forward,The next action is move forward 75 cm.,,,5.200
989,4945,return,,VLM: forward,The next action is move forward 75 cm.,,,5.177
990,4950,return,,VLM: forward,The next action is move forward 75 cm.,,,5.151
991,4955,return,,VLM: forward,The next action is move forward 75 cm.,,,5.125
992,4960,return,,VLM: forward,The next action is move forward 75 cm.,,,5.102
993,4965,return,,VLM: forward,The next action is move forward 75 cm.,,,5.074
994,4970,return,,VLM: forward,The next action is move forward 75 cm.,,,5.050
995,4975,return,,VLM: forward,The next action is move forward 75 cm.,,,5.028
996,4980,return,,VLM: forward,The next action is move forward 75 cm.,,,5.006
997,4985,return,,VLM: forward,The next action is move forward 75 cm.,,,4.985
998,4990,return,,VLM: forward,The next action is move forward 75 cm.,,,4.964
999,4995,return,,VLM: forward,The next action is move forward 75 cm.,,,4.942
1000,5000,return,,VLM: forward,The next action is move forward 75 cm.,,,4.921
1001,5005,return,,VLM: forward,The next action is move forward 75 cm.,,,4.902
1002,5010,return,,VLM: forward,The next action is move forward 75 cm.,,,4.883
1003,5015,return,,VLM: forward,The next action is move forward 75 cm.,,,4.864
1004,5020,return,,VLM: forward,The next action is move forward 75 cm.,,,4.847
1005,5025,return,,VLM: forward,The next action is move forward 75 cm.,,,4.829
1006,5030,return,,VLM: forward,The next action is move forward 75 cm.,,,4.810
1007,5035,return,,VLM: forward,The next action is move forward 75 cm.,,,4.793
1008,5040,return,,VLM: forward,The next action is move forward 75 cm.,,,4.776
1009,5045,return,,VLM: forward,The next action is move forward 75 cm.,,,4.761
1010,5050,return,,VLM: forward,The next action is move forward 75 cm.,,,4.745
1011,5055,return,,VLM: forward,The next action is move forward 75 cm.,,,4.730
1012,5060,return,,VLM: forward,The next action is move forward 75 cm.,,,4.714
1013,5065,return,,VLM: forward,The next action is move forward 75 cm.,,,4.699
1014,5070,return,,VLM: forward,The next action is move forward 75 cm.,,,4.685
1015,5075,return,,VLM: forward,The next action is move forward 75 cm.,,,4.672
1016,5080,return,,VLM: turn right,The next action is turn right 15 degree.,,,4.659
1017,5085,return,,VLM: turn right,The next action is turn right 15 degree.,,,4.651
1018,5090,return,,VLM: turn right,The next action is turn right 15 degree.,,,4.645
1019,5095,return,,VLM: turn right,The next action is turn right 15 degree.,,,4.644
1020,5100,return,,VLM: turn right,The next action is turn right 15 degree.,,,4.643
1021,5105,return,,VLM: forward,The next action is move forward 75 cm.,,,4.641
1022,5110,return,,VLM: forward,The next action is move forward 75 cm.,,,4.630
1023,5115,return,,VLM: forward,The next action is move forward 75 cm.,,,4.614
1024,5120,return,,VLM: forward,The next action is move forward 75 cm.,,,4.596
1025,5125,return,,VLM: forward,The next action is move forward 75 cm.,,,4.580
1026,5130,return,,VLM: forward,The next action is move forward 75 cm.,,,4.563
1027,5135,return,,VLM: forward,The next action is move forward 75 cm.,,,4.548
1028,5140,return,,VLM: forward,The next action is move forward 75 cm.,,,4.532
1029,5145,return,,VLM: forward,The next action is move forward 75 cm.,,,4.516
1030,5150,return,,VLM: forward,The next action is move forward 75 cm.,,,4.502
1031,5155,return,,VLM: forward,The next action is move forward 75 cm.,,,4.487
1032,5160,return,,VLM: forward,The next action is move forward 75 cm.,,,4.475
1033,5165,return,,VLM: forward,The next action is move forward 75 cm.,,,4.461
1034,5170,return,,VLM: forward,The next action is move forward 75 cm.,,,4.448
1035,5175,return,,VLM: forward,The next action is move forward 75 cm.,,,4.434
1036,5180,return,,VLM: forward,The next action is move forward 75 cm.,,,4.422
1037,5185,return,,VLM: forward,The next action is move forward 75 cm.,,,4.410
1038,5190,return,,VLM: forward,The next action is move forward 75 cm.,,,4.398
1039,5195,return,,VLM: forward,The next action is move forward 75 cm.,,,4.387
1040,5200,return,,VLM: forward,The next action is move forward 75 cm.,,,4.374
1041,5205,return,,VLM: forward,The next action is move forward 75 cm.,,,4.361
1042,5210,return,,VLM: forward,The next action is move forward 75 cm.,,,4.350
1043,5215,return,,VLM: forward,The next action is move forward 75 cm.,,,4.337
1044,5220,return,,VLM: forward,The next action is move forward 75 cm.,,,4.322
1045,5225,return,,VLM: forward,The next action is move forward 75 cm.,,,4.306
1046,5230,return,,VLM: forward,The next action is move forward 75 cm.,,,4.287
1047,5235,return,,VLM: forward,The next action is move forward 75 cm.,,,4.269
1048,5240,return,,VLM: forward,The next action is move forward 75 cm.,,,4.252
1049,5245,return,,VLM: forward,The next action is move forward 75 cm.,,,4.236
1050,5250,return,,VLM: forward,The next action is move forward 75 cm.,,,4.222
1051,5255,return,,VLM: forward,The next action is move forward 75 cm.,,,4.204
1052,5260,return,,VLM: forward,The next action is move forward 75 cm.,,,4.178
1053,5265,return,,VLM: forward,The next action is move forward 75 cm.,,,4.150
1054,5270,return,,VLM: forward,The next action is move forward 75 cm.,,,4.120
1055,5275,return,,VLM: forward,The next action is move forward 75 cm.,,,4.090
1056,5280,return,,VLM: forward,The next action is move forward 75 cm.,,,4.069
1057,5285,return,,VLM: forward,The next action is move forward 75 cm.,,,4.043
1058,5290,return,,VLM: forward,The next action is move forward 75 cm.,,,4.023
1059,5295,return,,VLM: forward,The next action is move forward 75 cm.,,,4.005
1060,5300,return,,VLM: forward,The next action is move forward 75 cm.,,,3.988
1061,5305,return,,VLM: forward,The next action is move forward 75 cm.,,,3.974
1062,5310,return,,VLM: forward,The next action is move forward 75 cm.,,,3.958
1063,5315,return,,VLM: forward,The next action is move forward 75 cm.,,,3.944
1064,5320,return,,VLM: forward,The next action is move forward 75 cm.,,,3.933
1065,5325,return,,VLM: forward,The next action is move forward 75 cm.,,,3.921
1066,5330,return,,VLM: forward,The next action is move forward 75 cm.,,,3.910
1067,5335,return,,VLM: forward,The next action is move forward 75 cm.,,,3.897
1068,5340,return,,VLM: forward,The next action is move forward 75 cm.,,,3.883
1069,5345,return,,VLM: forward,The next action is move forward 75 cm.,,,3.876
1070,5350,return,,VLM: forward,The next action is move forward 75 cm.,,,3.869
1071,5355,return,,VLM: forward,The next action is move forward 75 cm.,,,3.863
1072,5360,return,,VLM: forward,The next action is move forward 75 cm.,,,3.863
1073,5365,return,,VLM: forward,The next action is move forward 75 cm.,,,3.864
1074,5370,return,,VLM: forward,The next action is move forward 75 cm.,,,3.865
1075,5375,return,,VLM: forward,The next action is move forward 75 cm.,,,3.863
1076,5380,return,,VLM: forward,The next action is move forward 75 cm.,,,3.863
1077,5385,return,,VLM: forward,The next action is move forward 75 cm.,,,3.865
1078,5390,return,,VLM: forward,The next action is move forward 75 cm.,,,3.868
1079,5395,return,,VLM: forward,The next action is move forward 75 cm.,,,3.874
1080,5400,return,,VLM: forward,The next action is move forward 75 cm.,,,3.878
1081,5405,return,,VLM: forward,The next action is move forward 75 cm.,,,3.882
1082,5410,return,,VLM: forward,The next action is move forward 75 cm.,,,3.886
1083,5415,return,,VLM: forward,The next action is move forward 75 cm.,,,3.891
1084,5420,return,,VLM: forward,The next action is move forward 75 cm.,,,3.895
1085,5425,return,,VLM: forward,The next action is move forward 75 cm.,,,3.897
1086,5430,return,,VLM: forward,The next action is move forward 75 cm.,,,3.901
1087,5435,return,,VLM: forward,The next action is move forward 75 cm.,,,3.908
1088,5440,return,,VLM: forward,The next action is move forward 75 cm.,,,3.916
1089,5445,return,,VLM: forward,The next action is move forward 75 cm.,,,3.926
1090,5450,return,,VLM: forward,The next action is move forward 75 cm.,,,3.934
1091,5455,return,,VLM: forward,The next action is move forward 75 cm.,,,3.939
1092,5460,return,,VLM: forward,The next action is move forward 75 cm.,,,3.945
1093,5465,return,,VLM: forward,The next action is move forward 75 cm.,,,3.951
1094,5470,return,,VLM: forward,The next action is move forward 75 cm.,,,3.957
1095,5475,return,,VLM: forward,The next action is move forward 75 cm.,,,3.961
1096,5480,return,,VLM: turn right,The next action is turn right 45 degree.,,,3.967
1097,5485,return,,VLM: turn right,The next action is turn right 45 degree.,,,3.976
1098,5490,return,,VLM: turn right,The next action is turn right 45 degree.,,,3.981
1099,5495,return,,VLM: turn right,The next action is turn right 45 degree.,,,3.985
1100,5500,return,,VLM: turn right,The next action is turn right 45 degree.,,,3.988
1101,5505,return,,VLM: turn right,The next action is turn right 45 degree.,,,3.990
1102,5510,return,,VLM: turn right,The next action is turn right 45 degree.,,,3.992
1103,5515,return,,VLM: turn right,The next action is turn right 45 degree.,,,3.994
1104,5520,return,,VLM: turn right,The next action is turn right 45 degree.,,,3.995
1105,5525,return,,VLM: turn right,The next action is turn right 45 degree.,,,3.996
1106,5530,return,,VLM: turn right,The next action is turn right 45 degree.,,,3.997
1107,5535,return,,VLM: turn right,The next action is turn right 45 degree.,,,3.998
1108,5540,return,,VLM: turn right,The next action is turn right 45 degree.,,,3.996
1109,5545,return,,VLM: turn right,The next action is turn right 45 degree.,,,3.995
1110,5550,return,,VLM: turn right,The next action is turn right 45 degree.,,,3.996
1111,5555,return,,VLM: forward,The next action is move forward 25 cm.,,,3.997
1112,5560,return,,VLM: forward,The next action is move forward 25 cm.,,,3.993
1113,5565,return,,VLM: forward,The next action is move forward 25 cm.,,,3.986
1114,5570,return,,VLM: forward,The next action is move forward 25 cm.,,,3.976
1115,5575,return,,VLM: forward,The next action is move forward 25 cm.,,,3.967
1116,5580,return,,VLM: turn right,The next action is turn right 45 degree.,,,3.959
1117,5585,return,,VLM: turn right,The next action is turn right 45 degree.,,,3.956
1118,5590,return,,VLM: turn right,The next action is turn right 45 degree.,,,3.955
1119,5595,return,,VLM: turn right,The next action is turn right 45 degree.,,,3.954
1120,5600,return,,VLM: turn right,The next action is turn right 45 degree.,,,3.956
1121,5605,return,,VLM: turn right,The next action is turn right 45 degree.,,,3.956
1122,5610,return,,VLM: turn right,The next action is turn right 45 degree.,,,3.955
1123,5615,return,,VLM: turn right,The next action is turn right 45 degree.,,,3.955
1124,5620,return,,VLM: turn right,The next action is turn right 45 degree.,,,3.955
1125,5625,return,,VLM: turn right,The next action is turn right 45 degree.,,,3.954
1126,5630,return,,VLM: turn right,The next action is turn right 45 degree.,,,3.954
1127,5635,return,,VLM: turn right,The next action is turn right 45 degree.,,,3.954
1128,5640,return,,VLM: turn right,The next action is turn right 45 degree.,,,3.952
1129,5645,return,,VLM: turn right,The next action is turn right 45 degree.,,,3.952
1130,5650,return,,VLM: turn right,The next action is turn right 45 degree.,,,3.951
1131,5655,return,,VLM: forward,The next action is move forward 75 cm.,,,3.947
1132,5660,return,,VLM: forward,The next action is move forward 75 cm.,,,3.934
1133,5665,return,,VLM: forward,The next action is move forward 75 cm.,,,3.914
1134,5670,return,,VLM: forward,The next action is move forward 75 cm.,,,3.891
1135,5675,return,,VLM: forward,The next action is move forward 75 cm.,,,3.867
1136,5680,return,,VLM: forward,The next action is move forward 75 cm.,,,3.843
1137,5685,return,,VLM: forward,The next action is move forward 75 cm.,,,3.819
1138,5690,return,,VLM: forward,The next action is move forward 75 cm.,,,3.795
1139,5695,return,,VLM: forward,The next action is move forward 75 cm.,,,3.772
1140,5700,return,,VLM: forward,The next action is move forward 75 cm.,,,3.749
1141,5705,return,,VLM: forward,The next action is move forward 75 cm.,,,3.727
1142,5710,return,,VLM: forward,The next action is move forward 75 cm.,,,3.704
1143,5715,return,,VLM: forward,The next action is move forward 75 cm.,,,3.678
1144,5720,return,,VLM: forward,The next action is move forward 75 cm.,,,3.653
1145,5725,return,,VLM: forward,The next action is move forward 75 cm.,,,3.627
1146,5730,return,,VLM: forward,The next action is move forward 75 cm.,,,3.601
1147,5735,return,,VLM: forward,The next action is move forward 75 cm.,,,3.577
1148,5740,return,,VLM: forward,The next action is move forward 75 cm.,,,3.551
1149,5745,return,,VLM: forward,The next action is move forward 75 cm.,,,3.520
1150,5750,return,,VLM: forward,The next action is move forward 75 cm.,,,3.490
1151,5755,return,,VLM: forward,The next action is move forward 75 cm.,,,3.460
1152,5760,return,,VLM: forward,The next action is move forward 75 cm.,,,3.427
1153,5765,return,,VLM: forward,The next action is move forward 75 cm.,,,3.397
1154,5770,return,,VLM: forward,The next action is move forward 75 cm.,,,3.364
1155,5775,return,,VLM: forward,The next action is move forward 75 cm.,,,3.334
1156,5780,return,,VLM: forward,The next action is move forward 75 cm.,,,3.307
1157,5785,return,,VLM: forward,The next action is move forward 75 cm.,,,3.279
1158,5790,return,,VLM: forward,The next action is move forward 75 cm.,,,3.254
1159,5795,return,,VLM: forward,The next action is move forward 75 cm.,,,3.226
1160,5800,return,,VLM: forward,The next action is move forward 75 cm.,,,3.200
1161,5805,return,,VLM: turn right,The next action is turn right 15 degree.,,,3.179
1162,5810,return,,VLM: turn right,The next action is turn right 15 degree.,,,3.171
1163,5815,return,,VLM: turn right,The next action is turn right 15 degree.,,,3.170
1164,5820,return,,VLM: turn right,The next action is turn right 15 degree.,,,3.171
1165,5825,return,,VLM: turn right,The next action is turn right 15 degree.,,,3.173
1166,5830,return,,VLM: turn right,The next action is turn right 15 degree.,,,3.174
1167,5835,return,,VLM: turn right,The next action is turn right 15 degree.,,,3.177
1168,5840,return,,VLM: turn right,The next action is turn right 15 degree.,,,3.180
1169,5845,return,,VLM: turn right,The next action is turn right 15 degree.,,,3.179
1170,5850,return,,VLM: turn right,The next action is turn right 15 degree.,,,3.178
1171,5855,return,,VLM: turn right,The next action is turn right 15 degree.,,,3.176
1172,5860,return,,VLM: turn right,The next action is turn right 15 degree.,,,3.176
1173,5865,return,,VLM: turn right,The next action is turn right 15 degree.,,,3.176
1174,5870,return,,VLM: turn right,The next action is turn right 15 degree.,,,3.179
1175,5875,return,,VLM: turn right,The next action is turn right 15 degree.,,,3.184
1176,5880,return,,VLM: forward,The next action is move forward 75 cm.,,,3.182
1177,5885,return,,VLM: forward,The next action is move forward 75 cm.,,,3.165
1178,5890,return,,VLM: forward,The next action is move forward 75 cm.,,,3.138
1179,5895,return,,VLM: forward,The next action is move forward 75 cm.,,,3.107
1180,5900,return,,VLM: forward,The next action is move forward 75 cm.,,,3.078
1181,5905,return,,VLM: forward,The next action is move forward 75 cm.,,,3.042
1182,5910,return,,VLM: forward,The next action is move forward 75 cm.,,,3.016
1183,5915,return,,VLM: forward,The next action is move forward 75 cm.,,,2.992
1184,5920,return,,VLM: forward,The next action is move forward 75 cm.,,,2.966
1185,5925,return,,VLM: forward,The next action is move forward 75 cm.,,,2.940
1186,5930,return,,VLM: forward,The next action is move forward 75 cm.,,,2.912
1187,5935,return,,VLM: forward,The next action is move forward 75 cm.,,,2.889
1188,5940,return,,VLM: forward,The next action is move forward 75 cm.,,,2.867
1189,5945,return,,VLM: forward,The next action is move forward 75 cm.,,,2.845
1190,5950,return,,VLM: forward,The next action is move forward 75 cm.,,,2.822
1191,5955,return,,VLM: turn right,The next action is turn right 45 degree.,,,2.801
1192,5960,return,,VLM: turn right,The next action is turn right 45 degree.,,,2.792
1193,5965,return,,VLM: turn right,The next action is turn right 45 degree.,,,2.791
1194,5970,return,,VLM: turn right,The next action is turn right 45 degree.,,,2.796
1195,5975,return,,VLM: turn right,The next action is turn right 45 degree.,,,2.798
1196,5980,return,,VLM: turn right,The next action is turn right 45 degree.,,,2.802
1197,5985,return,,VLM: turn right,The next action is turn right 45 degree.,,,2.804
1198,5990,return,,VLM: turn right,The next action is turn right 45 degree.,,,2.804
1199,5995,return,,VLM: turn right,The next action is turn right 45 degree.,,,2.803
1200,6000,return,,VLM: turn right,The next action is turn right 45 degree.,,,2.803
1201,6005,return,,VLM: turn right,The next action is turn right 45 degree.,,,2.800
1202,6010,return,,VLM: turn right,The next action is turn right 45 degree.,,,2.800
1203,6015,return,,VLM: turn right,The next action is turn right 45 degree.,,,2.800
1204,6020,return,,VLM: turn right,The next action is turn right 45 degree.,,,2.799
1205,6025,return,,VLM: turn right,The next action is turn right 45 degree.,,,2.797
1206,6030,return,,VLM: forward,The next action is move forward 25 cm.,,,2.794
1207,6035,return,,VLM: forward,The next action is move forward 25 cm.,,,2.775
1208,6040,return,,VLM: forward,The next action is move forward 25 cm.,,,2.749
1209,6045,return,,VLM: forward,The next action is move forward 25 cm.,,,2.719
1210,6050,return,,VLM: forward,The next action is move forward 25 cm.,,,2.684
1211,6055,return,,VLM: turn right,The next action is turn right 15 degree.,,,2.652
1212,6060,return,,VLM: turn right,The next action is turn right 15 degree.,,,2.628
1213,6065,return,,VLM: turn right,The next action is turn right 15 degree.,,,2.612
1214,6070,return,,VLM: turn right,The next action is turn right 15 degree.,,,2.605
1215,6075,return,,VLM: turn right,The next action is turn right 15 degree.,,,2.601
1216,6080,return,,VLM: forward,The next action is move forward 75 cm.,,,2.593
1217,6085,return,,VLM: forward,The next action is move forward 75 cm.,,,2.569
1218,6090,return,,VLM: forward,The next action is move forward 75 cm.,,,2.533
1219,6095,return,,VLM: forward,The next action is move forward 75 cm.,,,2.493
1220,6100,return,,VLM: forward,The next action is move forward 75 cm.,,,2.447
1221,6105,return,,VLM: forward,The next action is move forward 75 cm.,,,2.408
1222,6110,return,,VLM: forward,The next action is move forward 75 cm.,,,2.369
1223,6115,return,,VLM: forward,The next action is move forward 75 cm.,,,2.331
1224,6120,return,,VLM: forward,The next action is move forward 75 cm.,,,2.293
1225,6125,return,,VLM: forward,The next action is move forward 75 cm.,,,2.255
1226,6130,return,,VLM: forward,The next action is move forward 75 cm.,,,2.213
1227,6135,return,,VLM: forward,The next action is move forward 75 cm.,,,2.173
1228,6140,return,,VLM: forward,The next action is move forward 75 cm.,,,2.136
1229,6145,return,,VLM: forward,The next action is move forward 75 cm.,,,2.101
1230,6150,return,,VLM: forward,The next action is move forward 75 cm.,,,2.069
1231,6155,return,,VLM: turn right,The next action is turn right 15 degree.,,,2.032
1232,6160,return,,VLM: turn right,The next action is turn right 15 degree.,,,2.015
1233,6165,return,,VLM: turn right,The next action is turn right 15 degree.,,,2.010
1234,6170,return,,VLM: turn right,The next action is turn right 15 degree.,,,2.005
1235,6175,return,,VLM: turn right,The next action is turn right 15 degree.,,,1.998
1236,6180,return,,VLM: forward,The next action is move forward 75 cm.,,,1.987
1237,6185,return,,VLM: forward,The next action is move forward 75 cm.,,,1.966
1238,6190,return,,VLM: forward,The next action is move forward 75 cm.,,,1.934
1239,6195,return,,VLM: forward,The next action is move forward 75 cm.,,,1.897
1240,6200,return,,VLM: forward,The next action is move forward 75 cm.,,,1.861
1241,6205,return,,VLM: forward,The next action is move forward 75 cm.,,,1.821
1242,6210,return,,VLM: forward,The next action is move forward 75 cm.,,,1.783
1243,6215,return,,VLM: forward,The next action is move forward 75 cm.,,,1.742
1244,6220,return,,VLM: forward,The next action is move forward 75 cm.,,,1.703
1245,6225,return,,VLM: forward,The next action is move forward 75 cm.,,,1.661
1246,6230,return,,VLM: forward,The next action is move forward 75 cm.,,,1.622
1247,6235,return,,VLM: forward,The next action is move forward 75 cm.,,,1.577
1248,6240,return,,VLM: forward,The next action is move forward 75 cm.,,,1.537
1249,6245,return,,VLM: forward,The next action is move forward 75 cm.,,,1.496
1250,6250,return,,VLM: forward,The next action is move forward 75 cm.,,,1.452
1251,6255,return,,VLM: forward,The next action is move forward 75 cm.,,,1.411
1252,6260,return,,VLM: forward,The next action is move forward 75 cm.,,,1.367
1253,6265,return,,VLM: forward,The next action is move forward 75 cm.,,,1.324
1254,6270,return,,VLM: forward,The next action is move forward 75 cm.,,,1.285
1255,6275,return,,VLM: forward,The next action is move forward 75 cm.,,,1.244
1256,6280,return,,VLM: forward,The next action is move forward 75 cm.,,,1.199
1257,6285,return,,VLM: forward,The next action is move forward 75 cm.,,,1.157
1258,6290,return,,VLM: forward,The next action is move forward 75 cm.,,,1.115
1259,6295,return,,VLM: forward,The next action is move forward 75 cm.,,,1.072
1260,6300,return,,VLM: forward,The next action is move forward 75 cm.,,,1.034
1261,6305,return,,VLM: forward,The next action is move forward 75 cm.,,,0.995
1262,6310,return,,VLM: forward,The next action is move forward 75 cm.,,,0.954
1263,6315,return,,VLM: forward,The next action is move forward 75 cm.,,,0.916
1264,6320,return,,VLM: forward,The next action is move forward 75 cm.,,,0.879
1265,6325,return,,VLM: forward,The next action is move forward 75 cm.,,,0.836
1266,6330,return,,VLM: forward,The next action is move forward 25 cm.,,,0.797
1267,6335,return,,VLM: forward,The next action is move forward 25 cm.,,,0.759
1268,6340,return,,VLM: forward,The next action is move forward 25 cm.,,,0.723
1269,6345,return,,VLM: forward,The next action is move forward 25 cm.,,,0.691
1270,6350,return,,VLM: forward,The next action is move forward 25 cm.,,,0.657
1271,6355,return,,VLM: turn right,The next action is turn right 15 degree.,,,0.628
1272,6360,return,,VLM: turn right,The next action is turn right 15 degree.,,,0.615
1273,6365,return,,VLM: turn right,The next action is turn right 15 degree.,,,0.611
1274,6370,return,,VLM: turn right,The next action is turn right 15 degree.,,,0.608
1275,6375,return,,VLM: turn right,The next action is turn right 15 degree.,,,0.601
1276,6380,return,,VLM: forward,The next action is move forward 75 cm.,,,0.593
1277,6385,return,,VLM: forward,The next action is move forward 75 cm.,,,0.572
1278,6390,return,,VLM: forward,The next action is move forward 75 cm.,,,0.540
1279,6395,return,,VLM: forward,The next action is move forward 75 cm.,,,0.504
1280,6400,return,,VLM: forward,The next action is move forward 75 cm.,,,0.469
1281,6405,return,,VLM: forward,The next action is move forward 75 cm.,,,0.429
1282,6410,return,,VLM: forward,The next action is move forward 75 cm.,,,0.393
1283,6415,return,,VLM: forward,The next action is move forward 75 cm.,,,0.358
1284,6420,return,,VLM: forward,The next action is move forward 75 cm.,,,0.326
1285,6425,return,,VLM: forward,The next action is move forward 75 cm.,,,0.299
1286,6430,return,,VLM: forward,The next action is move forward 75 cm.,,,0.270
1287,6435,return,,VLM: forward,The next action is move forward 75 cm.,,,0.241
1288,6440,return,,VLM: forward,The next action is move forward 75 cm.,,,0.221
1289,6445,return,,VLM: forward,The next action is move forward 75 cm.,,,0.208
1290,6450,return,,VLM: forward,The next action is move forward 75 cm.,,,0.203
1291,6455,return,,VLM: forward,The next action is move forward 75 cm.,,,0.210
1292,6460,return,,VLM: forward,The next action is move forward 75 cm.,,,0.224
1293,6465,return,,VLM: forward,The next action is move forward 75 cm.,,,0.249
1294,6470,return,,VLM: forward,The next action is move forward 75 cm.,,,0.279
1295,6475,return,,VLM: forward,The next action is move forward 75 cm.,,,0.314
1296,6480,return,,VLM: forward,The next action is move forward 75 cm.,,,0.347
1297,6485,return,,VLM: forward,The next action is move forward 75 cm.,,,0.379
1298,6490,return,,VLM: forward,The next action is move forward 75 cm.,,,0.412
1299,6495,return,,VLM: forward,The next action is move forward 75 cm.,,,0.454
1300,6500,return,,VLM: forward,The next action is move forward 75 cm.,,,0.494
1301,6505,return,,VLM: forward,The next action is move forward 75 cm.,,,0.537
1302,6510,return,,VLM: forward,The next action is move forward 75 cm.,,,0.574
1303,6515,return,,VLM: forward,The next action is move forward 75 cm.,,,0.607
1304,6520,return,,VLM: forward,The next action is move forward 75 cm.,,,0.622
1305,6525,return,,VLM: forward,The next action is move forward 75 cm.,,,0.640
1306,6530,return,,VLM: turn right,The next action is turn right 15 degree.,,,0.662
1307,6535,return,,VLM: turn right,The next action is turn right 15 degree.,,,0.674
1308,6540,return,,VLM: turn right,The next action is turn right 15 degree.,,,0.680
1309,6545,return,,VLM: turn right,The next action is turn right 15 degree.,,,0.689
1310,6550,return,,VLM: turn right,The next action is turn right 15 degree.,,,0.691
1311,6551,return,,VLM: stop,I think I should stop because I have finished the instruction.,,STOP proposed → EXECUTED (episode ends),0.691
