bytes	files	directory
2093871794	2368	eval_results/round_trip_phase_prompt_go2_matterport_vision_loco_2024-09-25_23-22-02_anchor_v2_full_active_batch49_20260802_ep1038/icp_replay_dataset
1882400003	2110	eval_results/round_trip_phase_prompt_go2_matterport_vision_loco_2024-09-25_23-22-02_anchor_v2_full_active_batch49_20260802_ep1040/icp_replay_dataset
1068581527	1172	eval_results/round_trip_phase_prompt_go2_matterport_vision_loco_2024-09-25_23-22-02_anchor_v2_full_active_batch49_20260802_ep187/icp_replay_dataset
1496397724	1802	eval_results/round_trip_phase_prompt_go2_matterport_vision_loco_2024-09-25_23-22-02_anchor_v2_full_active_batch49_20260802_ep264/icp_replay_dataset
1865069875	1879	eval_results/round_trip_phase_prompt_go2_matterport_vision_loco_2024-09-25_23-22-02_anchor_v2_full_active_batch49_20260802_ep276/icp_replay_dataset
1309087909	1484	eval_results/round_trip_phase_prompt_go2_matterport_vision_loco_2024-09-25_23-22-02_anchor_v2_full_active_batch49_20260802_ep310/icp_replay_dataset
2150783080	2580	eval_results/round_trip_phase_prompt_go2_matterport_vision_loco_2024-09-25_23-22-02_anchor_v2_full_active_batch49_20260802_ep351/icp_replay_dataset
1581669039	1778	eval_results/round_trip_phase_prompt_go2_matterport_vision_loco_2024-09-25_23-22-02_anchor_v2_full_active_batch49_20260802_ep367/icp_replay_dataset
371516971	439	eval_results/round_trip_phase_prompt_go2_matterport_vision_loco_2024-09-25_23-22-02_anchor_v2_full_active_batch49_20260802_ep484/icp_replay_dataset
1046697693	1170	eval_results/round_trip_phase_prompt_go2_matterport_vision_loco_2024-09-25_23-22-02_anchor_v2_full_active_batch49_20260802_ep539/icp_replay_dataset
1760767698	2025	eval_results/round_trip_phase_prompt_go2_matterport_vision_loco_2024-09-25_23-22-02_anchor_v2_full_active_batch49_20260802_ep579/icp_replay_dataset
2251834494	2597	eval_results/round_trip_phase_prompt_go2_matterport_vision_loco_2024-09-25_23-22-02_anchor_v2_full_active_batch49_20260802_ep581/icp_replay_dataset
1166881269	1386	eval_results/round_trip_phase_prompt_go2_matterport_vision_loco_2024-09-25_23-22-02_anchor_v2_full_active_batch49_20260802_ep5/icp_replay_dataset
740999367	821	eval_results/round_trip_phase_prompt_go2_matterport_vision_loco_2024-09-25_23-22-02_anchor_v2_full_active_batch49_20260802_ep646/icp_replay_dataset
782029584	865	eval_results/round_trip_phase_prompt_go2_matterport_vision_loco_2024-09-25_23-22-02_anchor_v2_full_active_batch49_20260802_ep647/icp_replay_dataset
1540989236	1688	eval_results/round_trip_phase_prompt_go2_matterport_vision_loco_2024-09-25_23-22-02_anchor_v2_full_active_batch49_20260802_ep658/icp_replay_dataset
1996804456	2287	eval_results/round_trip_phase_prompt_go2_matterport_vision_loco_2024-09-25_23-22-02_anchor_v2_full_active_batch49_20260802_ep680/icp_replay_dataset
54113928	26	eval_results/round_trip_phase_prompt_go2_matterport_vision_loco_2024-09-25_23-22-02_anchor_v2_full_active_batch49_20260802_ep764/icp_replay_dataset
3093530344	3296	eval_results/round_trip_phase_prompt_go2_matterport_vision_loco_2024-09-25_23-22-02_anchor_v2_full_active_batch49_20260802_ep87/icp_replay_dataset
1182859118	1243	eval_results/round_trip_phase_prompt_go2_matterport_vision_loco_2024-09-25_23-22-02_anchor_v2_full_active_batch49_20260802_ep88/icp_replay_dataset
4032736391	4282	eval_results/round_trip_phase_prompt_go2_matterport_vision_loco_2024-09-25_23-22-02_anchor_v2_full_active_batch49_20260802_ep89/icp_replay_dataset
1719081028	1980	eval_results/round_trip_phase_prompt_go2_matterport_vision_loco_2024-09-25_23-22-02_anchor_v2_full_active_batch49_20260802_ep95/icp_replay_dataset
840858851	982	eval_results/round_trip_phase_prompt_go2_matterport_vision_loco_2024-09-25_23-22-02_anchor_v2_full_active_batch49_20260802_ep961/icp_replay_dataset
1015714966	1188	eval_results/round_trip_phase_prompt_go2_matterport_vision_loco_2024-09-25_23-22-02_anchor_v2_full_active_batch49_20260802_ep962/icp_replay_dataset
2276249598	2794	eval_results/round_trip_phase_prompt_go2_matterport_vision_loco_2024-09-25_23-22-02_anchor_v2_full_active_batch49_20260802_ep994/icp_replay_dataset
1895198582	2156	eval_results/round_trip_phase_prompt_go2_matterport_vision_loco_2024-09-25_23-22-02_anchor_v2_full_active_canary_20260802_ep368/icp_replay_dataset
1895229539	2156	eval_results/round_trip_phase_prompt_go2_matterport_vision_loco_2024-09-25_23-22-02_anchor_v2_full_active_canary_20260802_retry_direction_fix_ep368/icp_replay_dataset
1849821265	2099	eval_results/round_trip_phase_prompt_go2_matterport_vision_loco_2024-09-25_23-22-02_anchor_v2_full_active_canary_20260802_retry_equal_pair_fix_ep368/icp_replay_dataset
53085176	19	eval_results/round_trip_phase_prompt_go2_matterport_vision_loco_2024-09-25_23-22-02_anchor_v2_full_active_recovery10_20260804_ep268/icp_replay_dataset
43131928	16	eval_results/round_trip_phase_prompt_go2_matterport_vision_loco_2024-09-25_23-22-02_anchor_v2_full_active_recovery10_20260804_ep367/icp_replay_dataset
42724678	15	eval_results/round_trip_phase_prompt_go2_matterport_vision_loco_2024-09-25_23-22-02_anchor_v2_full_active_recovery10_20260804_ep4/icp_replay_dataset
48691810	17	eval_results/round_trip_phase_prompt_go2_matterport_vision_loco_2024-09-25_23-22-02_anchor_v2_full_active_recovery10_20260804_ep5/icp_replay_dataset
36338184	13	eval_results/round_trip_phase_prompt_go2_matterport_vision_loco_2024-09-25_23-22-02_anchor_v2_full_active_recovery10_20260804_ep658/icp_replay_dataset
59002144	21	eval_results/round_trip_phase_prompt_go2_matterport_vision_loco_2024-09-25_23-22-02_anchor_v2_full_active_recovery10_20260804_ep680/icp_replay_dataset
24903853	9	eval_results/round_trip_phase_prompt_go2_matterport_vision_loco_2024-09-25_23-22-02_anchor_v2_full_active_recovery10_20260804_ep89/icp_replay_dataset
62984048	21	eval_results/round_trip_phase_prompt_go2_matterport_vision_loco_2024-09-25_23-22-02_anchor_v2_full_active_recovery10_20260804_ep95/icp_replay_dataset
31767166	12	eval_results/round_trip_phase_prompt_go2_matterport_vision_loco_2024-09-25_23-22-02_anchor_v2_full_active_recovery10_20260804_ep961/icp_replay_dataset
55680691	20	eval_results/round_trip_phase_prompt_go2_matterport_vision_loco_2024-09-25_23-22-02_anchor_v2_full_active_recovery10_20260804_ep994/icp_replay_dataset
324978411	382	eval_results/round_trip_phase_prompt_go2_matterport_vision_loco_2024-09-25_23-22-02_anchor_v2_full_active_recoveryfix30_20260805_tail29_ep264/icp_replay_dataset
3368390837	3845	eval_results/round_trip_phase_prompt_go2_matterport_vision_loco_2024-09-25_23-22-02_anchor_v2_full_active_recoveryfix30_20260805_tail29_ep87/icp_replay_dataset
1541873335	1768	eval_results/round_trip_phase_prompt_go2_matterport_vision_loco_2024-09-25_23-22-02_anchor_v2_full_active_recoveryfix30_20260805_tail29_ep95/icp_replay_dataset
2007845885	2273	eval_results/round_trip_phase_prompt_go2_matterport_vision_loco_2024-09-25_23-22-02_anchor_v2_full_active_recoveryfix30_rerun2_20260807_ep1040/icp_replay_dataset
999978667	1094	eval_results/round_trip_phase_prompt_go2_matterport_vision_loco_2024-09-25_23-22-02_anchor_v2_full_active_recoveryfix30_rerun2_20260807_ep187/icp_replay_dataset
5158816608	5952	eval_results/round_trip_phase_prompt_go2_matterport_vision_loco_2024-09-25_23-22-02_anchor_v2_full_active_recoveryfix30_rerun2_20260807_ep214/icp_replay_dataset
424144002	509	eval_results/round_trip_phase_prompt_go2_matterport_vision_loco_2024-09-25_23-22-02_anchor_v2_full_active_recoveryfix30_rerun2_20260807_ep264/icp_replay_dataset
2279572574	2732	eval_results/round_trip_phase_prompt_go2_matterport_vision_loco_2024-09-25_23-22-02_anchor_v2_full_active_recoveryfix30_rerun2_20260807_ep268/icp_replay_dataset
960156697	1080	eval_results/round_trip_phase_prompt_go2_matterport_vision_loco_2024-09-25_23-22-02_anchor_v2_full_active_recoveryfix30_rerun2_20260807_ep276/icp_replay_dataset
1791363241	2099	eval_results/round_trip_phase_prompt_go2_matterport_vision_loco_2024-09-25_23-22-02_anchor_v2_full_active_recoveryfix30_rerun2_20260807_ep310/icp_replay_dataset
2303859267	2808	eval_results/round_trip_phase_prompt_go2_matterport_vision_loco_2024-09-25_23-22-02_anchor_v2_full_active_recoveryfix30_rerun2_20260807_ep351/icp_replay_dataset
3091847785	3563	eval_results/round_trip_phase_prompt_go2_matterport_vision_loco_2024-09-25_23-22-02_anchor_v2_full_active_recoveryfix30_rerun2_20260807_ep367/icp_replay_dataset
1166145099	1339	eval_results/round_trip_phase_prompt_go2_matterport_vision_loco_2024-09-25_23-22-02_anchor_v2_full_active_recoveryfix30_rerun2_20260807_ep484/icp_replay_dataset
1453414370	1523	eval_results/round_trip_phase_prompt_go2_matterport_vision_loco_2024-09-25_23-22-02_anchor_v2_full_active_recoveryfix30_rerun2_20260807_ep4/icp_replay_dataset
2011608401	2138	eval_results/round_trip_phase_prompt_go2_matterport_vision_loco_2024-09-25_23-22-02_anchor_v2_full_active_recoveryfix30_rerun2_20260807_ep500/icp_replay_dataset
4980970907	5670	eval_results/round_trip_phase_prompt_go2_matterport_vision_loco_2024-09-25_23-22-02_anchor_v2_full_active_recoveryfix30_rerun2_20260807_ep539/icp_replay_dataset
1876552573	2127	eval_results/round_trip_phase_prompt_go2_matterport_vision_loco_2024-09-25_23-22-02_anchor_v2_full_active_recoveryfix30_rerun2_20260807_ep579/icp_replay_dataset
745073940	870	eval_results/round_trip_phase_prompt_go2_matterport_vision_loco_2024-09-25_23-22-02_anchor_v2_full_active_recoveryfix30_rerun2_20260807_ep5/icp_replay_dataset
866368096	956	eval_results/round_trip_phase_prompt_go2_matterport_vision_loco_2024-09-25_23-22-02_anchor_v2_full_active_recoveryfix30_rerun2_20260807_ep646/icp_replay_dataset
1688150860	1856	eval_results/round_trip_phase_prompt_go2_matterport_vision_loco_2024-09-25_23-22-02_anchor_v2_full_active_recoveryfix30_rerun2_20260807_ep658/icp_replay_dataset
3129102558	3503	eval_results/round_trip_phase_prompt_go2_matterport_vision_loco_2024-09-25_23-22-02_anchor_v2_full_active_recoveryfix30_rerun2_20260807_ep688/icp_replay_dataset
4278199713	4605	eval_results/round_trip_phase_prompt_go2_matterport_vision_loco_2024-09-25_23-22-02_anchor_v2_full_active_recoveryfix30_rerun2_20260807_ep844/icp_replay_dataset
3351598053	3881	eval_results/round_trip_phase_prompt_go2_matterport_vision_loco_2024-09-25_23-22-02_anchor_v2_full_active_recoveryfix30_rerun2_20260807_ep87/icp_replay_dataset
1304032838	1461	eval_results/round_trip_phase_prompt_go2_matterport_vision_loco_2024-09-25_23-22-02_anchor_v2_full_active_recoveryfix30_rerun2_20260807_ep888/icp_replay_dataset
1795713380	1916	eval_results/round_trip_phase_prompt_go2_matterport_vision_loco_2024-09-25_23-22-02_anchor_v2_full_active_recoveryfix30_rerun2_20260807_ep88/icp_replay_dataset
3525634860	3817	eval_results/round_trip_phase_prompt_go2_matterport_vision_loco_2024-09-25_23-22-02_anchor_v2_full_active_recoveryfix30_rerun2_20260807_ep89/icp_replay_dataset
1473770408	1684	eval_results/round_trip_phase_prompt_go2_matterport_vision_loco_2024-09-25_23-22-02_anchor_v2_full_active_recoveryfix30_rerun2_20260807_ep95/icp_replay_dataset
1427063948	1645	eval_results/round_trip_phase_prompt_go2_matterport_vision_loco_2024-09-25_23-22-02_anchor_v2_full_active_recoveryfix30_rerun2_20260807_ep961/icp_replay_dataset
1506932947	1736	eval_results/round_trip_phase_prompt_go2_matterport_vision_loco_2024-09-25_23-22-02_anchor_v2_full_active_recoveryfix30_rerun2_20260807_ep962/icp_replay_dataset
2000206543	2433	eval_results/round_trip_phase_prompt_go2_matterport_vision_loco_2024-09-25_23-22-02_anchor_v2_full_active_recoveryfix30_rerun2_20260807_ep994/icp_replay_dataset
1440337954	1535	eval_results/round_trip_phase_prompt_go2_matterport_vision_loco_2024-09-25_23-22-02_anchor_v2_full_active_recovery_smoke_ep4_20260805_ep4/icp_replay_dataset
793843487	841	eval_results/round_trip_phase_prompt_go2_matterport_vision_loco_2024-09-25_23-22-02_anchor_v2_full_active_semanticfix30_rerun1_20260804_ep1040/icp_replay_dataset
2828497018	3212	eval_results/round_trip_phase_prompt_go2_matterport_vision_loco_2024-09-25_23-22-02_anchor_v2_full_active_semanticfix30_rerun1_20260804_ep214/icp_replay_dataset
1621786923	1958	eval_results/round_trip_phase_prompt_go2_matterport_vision_loco_2024-09-25_23-22-02_anchor_v2_full_active_semanticfix30_rerun1_20260804_ep264/icp_replay_dataset
2314238052	2696	eval_results/round_trip_phase_prompt_go2_matterport_vision_loco_2024-09-25_23-22-02_anchor_v2_full_active_semanticfix30_rerun1_20260804_ep268/icp_replay_dataset
1717987689	1967	eval_results/round_trip_phase_prompt_go2_matterport_vision_loco_2024-09-25_23-22-02_anchor_v2_full_active_semanticfix30_rerun1_20260804_ep276/icp_replay_dataset
1814869388	2129	eval_results/round_trip_phase_prompt_go2_matterport_vision_loco_2024-09-25_23-22-02_anchor_v2_full_active_semanticfix30_rerun1_20260804_ep310/icp_replay_dataset
940476105	1142	eval_results/round_trip_phase_prompt_go2_matterport_vision_loco_2024-09-25_23-22-02_anchor_v2_full_active_semanticfix30_rerun1_20260804_ep351/icp_replay_dataset
3061003715	3564	eval_results/round_trip_phase_prompt_go2_matterport_vision_loco_2024-09-25_23-22-02_anchor_v2_full_active_semanticfix30_rerun1_20260804_ep367/icp_replay_dataset
1201822658	1272	eval_results/round_trip_phase_prompt_go2_matterport_vision_loco_2024-09-25_23-22-02_anchor_v2_full_active_semanticfix30_rerun1_20260804_ep427/icp_replay_dataset
4667021619	5083	eval_results/round_trip_phase_prompt_go2_matterport_vision_loco_2024-09-25_23-22-02_anchor_v2_full_active_semanticfix30_rerun1_20260804_ep484/icp_replay_dataset
1499407031	1573	eval_results/round_trip_phase_prompt_go2_matterport_vision_loco_2024-09-25_23-22-02_anchor_v2_full_active_semanticfix30_rerun1_20260804_ep4/icp_replay_dataset
303728402	355	eval_results/round_trip_phase_prompt_go2_matterport_vision_loco_2024-09-25_23-22-02_anchor_v2_full_active_semanticfix30_rerun1_20260804_ep500/icp_replay_dataset
1547125363	1755	eval_results/round_trip_phase_prompt_go2_matterport_vision_loco_2024-09-25_23-22-02_anchor_v2_full_active_semanticfix30_rerun1_20260804_ep539/icp_replay_dataset
3382807235	3816	eval_results/round_trip_phase_prompt_go2_matterport_vision_loco_2024-09-25_23-22-02_anchor_v2_full_active_semanticfix30_rerun1_20260804_ep579/icp_replay_dataset
911770223	1062	eval_results/round_trip_phase_prompt_go2_matterport_vision_loco_2024-09-25_23-22-02_anchor_v2_full_active_semanticfix30_rerun1_20260804_ep5/icp_replay_dataset
866356863	956	eval_results/round_trip_phase_prompt_go2_matterport_vision_loco_2024-09-25_23-22-02_anchor_v2_full_active_semanticfix30_rerun1_20260804_ep646/icp_replay_dataset
2147886916	2354	eval_results/round_trip_phase_prompt_go2_matterport_vision_loco_2024-09-25_23-22-02_anchor_v2_full_active_semanticfix30_rerun1_20260804_ep658/icp_replay_dataset
2881807271	3238	eval_results/round_trip_phase_prompt_go2_matterport_vision_loco_2024-09-25_23-22-02_anchor_v2_full_active_semanticfix30_rerun1_20260804_ep680/icp_replay_dataset
651420752	701	eval_results/round_trip_phase_prompt_go2_matterport_vision_loco_2024-09-25_23-22-02_anchor_v2_full_active_semanticfix30_rerun1_20260804_ep688/icp_replay_dataset
707502048	791	eval_results/round_trip_phase_prompt_go2_matterport_vision_loco_2024-09-25_23-22-02_anchor_v2_full_active_semanticfix30_rerun1_20260804_ep815/icp_replay_dataset
3044165056	3312	eval_results/round_trip_phase_prompt_go2_matterport_vision_loco_2024-09-25_23-22-02_anchor_v2_full_active_semanticfix30_rerun1_20260804_ep844/icp_replay_dataset
1316755895	1467	eval_results/round_trip_phase_prompt_go2_matterport_vision_loco_2024-09-25_23-22-02_anchor_v2_full_active_semanticfix30_rerun1_20260804_ep888/icp_replay_dataset
800636172	850	eval_results/round_trip_phase_prompt_go2_matterport_vision_loco_2024-09-25_23-22-02_anchor_v2_full_active_semanticfix30_rerun1_20260804_ep89/icp_replay_dataset
1614083403	1846	eval_results/round_trip_phase_prompt_go2_matterport_vision_loco_2024-09-25_23-22-02_anchor_v2_full_active_semanticfix30_rerun1_20260804_ep95/icp_replay_dataset
2053400119	2395	eval_results/round_trip_phase_prompt_go2_matterport_vision_loco_2024-09-25_23-22-02_anchor_v2_full_active_semanticfix30_rerun1_20260804_ep961/icp_replay_dataset
2051732732	2493	eval_results/round_trip_phase_prompt_go2_matterport_vision_loco_2024-09-25_23-22-02_anchor_v2_full_active_semanticfix30_rerun1_20260804_ep994/icp_replay_dataset
3594685188	1449	eval_results/round_trip_phase_prompt_go2_matterport_vision_loco_2024-09-25_23-22-02_anchor_v3_active_30ep_20260811_ep134/icp_replay_dataset
3299764510	1233	eval_results/round_trip_phase_prompt_go2_matterport_vision_loco_2024-09-25_23-22-02_anchor_v3_active_30ep_20260811_ep187/icp_replay_dataset
2580914097	1383	eval_results/round_trip_phase_prompt_go2_matterport_vision_loco_2024-09-25_23-22-02_anchor_v3_active_30ep_20260811_ep310/icp_replay_dataset
2254479624	1011	eval_results/round_trip_phase_prompt_go2_matterport_vision_loco_2024-09-25_23-22-02_anchor_v3_active_30ep_20260811_ep4/icp_replay_dataset
2200688556	969	eval_results/round_trip_phase_prompt_go2_matterport_vision_loco_2024-09-25_23-22-02_anchor_v3_active_30ep_20260811_ep539/icp_replay_dataset
2854602050	1112	eval_results/round_trip_phase_prompt_go2_matterport_vision_loco_2024-09-25_23-22-02_anchor_v3_active_30ep_20260811_ep579/icp_replay_dataset
2920109496	1203	eval_results/round_trip_phase_prompt_go2_matterport_vision_loco_2024-09-25_23-22-02_anchor_v3_active_30ep_20260811_ep678/icp_replay_dataset
3136915541	1245	eval_results/round_trip_phase_prompt_go2_matterport_vision_loco_2024-09-25_23-22-02_anchor_v3_active_30ep_20260811_ep680/icp_replay_dataset
2236048605	822	eval_results/round_trip_phase_prompt_go2_matterport_vision_loco_2024-09-25_23-22-02_anchor_v3_active_30ep_20260811_ep87/icp_replay_dataset
2905578718	1185	eval_results/round_trip_phase_prompt_go2_matterport_vision_loco_2024-09-25_23-22-02_anchor_v3_active_30ep_20260811_ep88/icp_replay_dataset
2896928371	1311	eval_results/round_trip_phase_prompt_go2_matterport_vision_loco_2024-09-25_23-22-02_anchor_v3_active_30ep_20260811_ep994/icp_replay_dataset
2729043731	5003	eval_results/round_trip_phase_prompt_go2_matterport_vision_loco_2024-09-25_23-22-02_capture_reliability_16ep_20260721_accumulated_ep1038/icp_replay_dataset
454961612	902	eval_results/round_trip_phase_prompt_go2_matterport_vision_loco_2024-09-25_23-22-02_capture_reliability_16ep_20260721_accumulated_ep20/icp_replay_dataset
2736293423	5003	eval_results/round_trip_phase_prompt_go2_matterport_vision_loco_2024-09-25_23-22-02_capture_reliability_16ep_20260721_accumulated_ep319/icp_replay_dataset
2957452460	5003	eval_results/round_trip_phase_prompt_go2_matterport_vision_loco_2024-09-25_23-22-02_capture_reliability_16ep_20260721_accumulated_ep367/icp_replay_dataset
1992643081	3756	eval_results/round_trip_phase_prompt_go2_matterport_vision_loco_2024-09-25_23-22-02_capture_reliability_16ep_20260721_accumulated_ep498/icp_replay_dataset
525654367	1078	eval_results/round_trip_phase_prompt_go2_matterport_vision_loco_2024-09-25_23-22-02_capture_reliability_16ep_20260721_accumulated_ep500/icp_replay_dataset
421621130	878	eval_results/round_trip_phase_prompt_go2_matterport_vision_loco_2024-09-25_23-22-02_capture_reliability_16ep_20260721_accumulated_ep537/icp_replay_dataset
1242135972	2428	eval_results/round_trip_phase_prompt_go2_matterport_vision_loco_2024-09-25_23-22-02_capture_reliability_16ep_20260721_accumulated_ep5/icp_replay_dataset
2409233589	5003	eval_results/round_trip_phase_prompt_go2_matterport_vision_loco_2024-09-25_23-22-02_capture_reliability_16ep_20260721_accumulated_ep653/icp_replay_dataset
2635096804	5003	eval_results/round_trip_phase_prompt_go2_matterport_vision_loco_2024-09-25_23-22-02_capture_reliability_16ep_20260721_accumulated_ep680/icp_replay_dataset
2312103941	4031	eval_results/round_trip_phase_prompt_go2_matterport_vision_loco_2024-09-25_23-22-02_capture_reliability_16ep_20260721_accumulated_ep813/icp_replay_dataset
1324133092	2778	eval_results/round_trip_phase_prompt_go2_matterport_vision_loco_2024-09-25_23-22-02_capture_reliability_16ep_20260721_accumulated_ep889/icp_replay_dataset
341293128	701	eval_results/round_trip_phase_prompt_go2_matterport_vision_loco_2024-09-25_23-22-02_capture_reliability_16ep_20260721_accumulated_ep89/icp_replay_dataset
617500348	1453	eval_results/round_trip_phase_prompt_go2_matterport_vision_loco_2024-09-25_23-22-02_capture_reliability_16ep_20260721_accumulated_ep994/icp_replay_dataset
674764436	1253	eval_results/round_trip_phase_prompt_go2_matterport_vision_loco_2024-09-25_23-22-02_icp_replay_capture_hard11_20260706_accumulated_ep1040/icp_replay_dataset
1268870515	2753	eval_results/round_trip_phase_prompt_go2_matterport_vision_loco_2024-09-25_23-22-02_icp_replay_capture_hard11_20260706_accumulated_ep187/icp_replay_dataset
721994943	1353	eval_results/round_trip_phase_prompt_go2_matterport_vision_loco_2024-09-25_23-22-02_icp_replay_capture_hard11_20260706_accumulated_ep367/icp_replay_dataset
849793509	1603	eval_results/round_trip_phase_prompt_go2_matterport_vision_loco_2024-09-25_23-22-02_icp_replay_capture_hard11_20260706_accumulated_ep368/icp_replay_dataset
1181670005	2334	eval_results/round_trip_phase_prompt_go2_matterport_vision_loco_2024-09-25_23-22-02_icp_replay_capture_hard11_20260706_accumulated_ep408/icp_replay_dataset
653898153	1278	eval_results/round_trip_phase_prompt_go2_matterport_vision_loco_2024-09-25_23-22-02_icp_replay_capture_hard11_20260706_accumulated_ep4/icp_replay_dataset
904098643	1903	eval_results/round_trip_phase_prompt_go2_matterport_vision_loco_2024-09-25_23-22-02_icp_replay_capture_hard11_20260706_accumulated_ep5/icp_replay_dataset
899491915	1728	eval_results/round_trip_phase_prompt_go2_matterport_vision_loco_2024-09-25_23-22-02_icp_replay_capture_hard11_20260706_accumulated_ep678/icp_replay_dataset
976953334	1903	eval_results/round_trip_phase_prompt_go2_matterport_vision_loco_2024-09-25_23-22-02_icp_replay_capture_hard11_20260706_accumulated_ep680/icp_replay_dataset
808407215	1903	eval_results/round_trip_phase_prompt_go2_matterport_vision_loco_2024-09-25_23-22-02_icp_replay_capture_hard11_20260706_accumulated_ep994/icp_replay_dataset
5495436300	6020	eval_results/round_trip_phase_prompt_go2_matterport_vision_loco_2024-09-25_23-22-02_learned_anchor_terminal_replay_shadow_5ep_20260729_ep1008/icp_replay_dataset
1380128610	1681	eval_results/round_trip_phase_prompt_go2_matterport_vision_loco_2024-09-25_23-22-02_learned_anchor_terminal_replay_shadow_5ep_20260729_ep295/icp_replay_dataset
4914681787	5452	eval_results/round_trip_phase_prompt_go2_matterport_vision_loco_2024-09-25_23-22-02_learned_anchor_terminal_replay_shadow_5ep_20260729_ep319/icp_replay_dataset
1232709890	1377	eval_results/round_trip_phase_prompt_go2_matterport_vision_loco_2024-09-25_23-22-02_learned_anchor_terminal_replay_shadow_5ep_20260729_ep498/icp_replay_dataset
4058606869	4532	eval_results/round_trip_phase_prompt_go2_matterport_vision_loco_2024-09-25_23-22-02_line2_50ep_historical_outbound_missing32_20260808_ep1008/icp_replay_dataset
946791826	1114	eval_results/round_trip_phase_prompt_go2_matterport_vision_loco_2024-09-25_23-22-02_line2_50ep_historical_outbound_missing32_20260808_ep123/icp_replay_dataset
1965788042	2169	eval_results/round_trip_phase_prompt_go2_matterport_vision_loco_2024-09-25_23-22-02_line2_50ep_historical_outbound_missing32_20260808_ep19/icp_replay_dataset
4113585719	4796	eval_results/round_trip_phase_prompt_go2_matterport_vision_loco_2024-09-25_23-22-02_line2_50ep_historical_outbound_missing32_20260808_ep214/icp_replay_dataset
1599403855	1970	eval_results/round_trip_phase_prompt_go2_matterport_vision_loco_2024-09-25_23-22-02_line2_50ep_historical_outbound_missing32_20260808_ep264/icp_replay_dataset
3541226878	4076	eval_results/round_trip_phase_prompt_go2_matterport_vision_loco_2024-09-25_23-22-02_line2_50ep_historical_outbound_missing32_20260808_ep276/icp_replay_dataset
4599572579	5444	eval_results/round_trip_phase_prompt_go2_matterport_vision_loco_2024-09-25_23-22-02_line2_50ep_historical_outbound_missing32_20260808_ep310/icp_replay_dataset
2913462950	3130	eval_results/round_trip_phase_prompt_go2_matterport_vision_loco_2024-09-25_23-22-02_line2_50ep_historical_outbound_missing32_20260808_ep319/icp_replay_dataset
3478061801	4269	eval_results/round_trip_phase_prompt_go2_matterport_vision_loco_2024-09-25_23-22-02_line2_50ep_historical_outbound_missing32_20260808_ep344/icp_replay_dataset
3550365149	4047	eval_results/round_trip_phase_prompt_go2_matterport_vision_loco_2024-09-25_23-22-02_line2_50ep_historical_outbound_missing32_20260808_ep351/icp_replay_dataset
1711015941	1937	eval_results/round_trip_phase_prompt_go2_matterport_vision_loco_2024-09-25_23-22-02_line2_50ep_historical_outbound_missing32_20260808_ep366/icp_replay_dataset
1475502480	1572	eval_results/round_trip_phase_prompt_go2_matterport_vision_loco_2024-09-25_23-22-02_line2_50ep_historical_outbound_missing32_20260808_ep427/icp_replay_dataset
1048907814	1273	eval_results/round_trip_phase_prompt_go2_matterport_vision_loco_2024-09-25_23-22-02_line2_50ep_historical_outbound_missing32_20260808_ep484/icp_replay_dataset
1745871088	1966	eval_results/round_trip_phase_prompt_go2_matterport_vision_loco_2024-09-25_23-22-02_line2_50ep_historical_outbound_missing32_20260808_ep489/icp_replay_dataset
5450823566	6016	eval_results/round_trip_phase_prompt_go2_matterport_vision_loco_2024-09-25_23-22-02_line2_50ep_historical_outbound_missing32_20260808_ep490/icp_replay_dataset
1370455828	1545	eval_results/round_trip_phase_prompt_go2_matterport_vision_loco_2024-09-25_23-22-02_line2_50ep_historical_outbound_missing32_20260808_ep539/icp_replay_dataset
1243878531	1431	eval_results/round_trip_phase_prompt_go2_matterport_vision_loco_2024-09-25_23-22-02_line2_50ep_historical_outbound_missing32_20260808_ep579/icp_replay_dataset
2150689945	2483	eval_results/round_trip_phase_prompt_go2_matterport_vision_loco_2024-09-25_23-22-02_line2_50ep_historical_outbound_missing32_20260808_ep581/icp_replay_dataset
3719870648	4361	eval_results/round_trip_phase_prompt_go2_matterport_vision_loco_2024-09-25_23-22-02_line2_50ep_historical_outbound_missing32_20260808_ep646/icp_replay_dataset
1342801160	1484	eval_results/round_trip_phase_prompt_go2_matterport_vision_loco_2024-09-25_23-22-02_line2_50ep_historical_outbound_missing32_20260808_ep658/icp_replay_dataset
4261745651	4856	eval_results/round_trip_phase_prompt_go2_matterport_vision_loco_2024-09-25_23-22-02_line2_50ep_historical_outbound_missing32_20260808_ep669/icp_replay_dataset
299165002	305	eval_results/round_trip_phase_prompt_go2_matterport_vision_loco_2024-09-25_23-22-02_line2_50ep_historical_outbound_missing32_20260808_ep784/icp_replay_dataset
5346209255	6012	eval_results/round_trip_phase_prompt_go2_matterport_vision_loco_2024-09-25_23-22-02_line2_50ep_historical_outbound_missing32_20260808_ep815/icp_replay_dataset
1242985650	1362	eval_results/round_trip_phase_prompt_go2_matterport_vision_loco_2024-09-25_23-22-02_line2_50ep_historical_outbound_missing32_20260808_ep844/icp_replay_dataset
2527268538	2723	eval_results/round_trip_phase_prompt_go2_matterport_vision_loco_2024-09-25_23-22-02_line2_50ep_historical_outbound_missing32_20260808_ep87/icp_replay_dataset
1342514474	1528	eval_results/round_trip_phase_prompt_go2_matterport_vision_loco_2024-09-25_23-22-02_line2_50ep_historical_outbound_missing32_20260808_ep888/icp_replay_dataset
699430135	731	eval_results/round_trip_phase_prompt_go2_matterport_vision_loco_2024-09-25_23-22-02_line2_50ep_historical_outbound_missing32_20260808_ep88/icp_replay_dataset
1196082020	1402	eval_results/round_trip_phase_prompt_go2_matterport_vision_loco_2024-09-25_23-22-02_line2_50ep_historical_outbound_missing32_20260808_ep95/icp_replay_dataset
3723932009	4350	eval_results/round_trip_phase_prompt_go2_matterport_vision_loco_2024-09-25_23-22-02_line2_50ep_historical_outbound_missing32_20260808_ep961/icp_replay_dataset
1409046099	1633	eval_results/round_trip_phase_prompt_go2_matterport_vision_loco_2024-09-25_23-22-02_line2_50ep_historical_outbound_missing32_20260808_ep962/icp_replay_dataset
1607437508	1787	eval_results/round_trip_phase_prompt_go2_matterport_vision_loco_2024-09-25_23-22-02_line2_50ep_historical_outbound_rerun1_20260807_ep1038/icp_replay_dataset
2643910606	2986	eval_results/round_trip_phase_prompt_go2_matterport_vision_loco_2024-09-25_23-22-02_line2_50ep_historical_outbound_rerun1_20260807_ep1040/icp_replay_dataset
5901568015	6018	eval_results/round_trip_phase_prompt_go2_matterport_vision_loco_2024-09-25_23-22-02_line2_50ep_historical_outbound_rerun1_20260807_ep205/icp_replay_dataset
2756806521	3290	eval_results/round_trip_phase_prompt_go2_matterport_vision_loco_2024-09-25_23-22-02_line2_50ep_historical_outbound_rerun1_20260807_ep268/icp_replay_dataset
1549838592	1873	eval_results/round_trip_phase_prompt_go2_matterport_vision_loco_2024-09-25_23-22-02_line2_50ep_historical_outbound_rerun1_20260807_ep295/icp_replay_dataset
1114924823	1250	eval_results/round_trip_phase_prompt_go2_matterport_vision_loco_2024-09-25_23-22-02_line2_50ep_historical_outbound_rerun1_20260807_ep367/icp_replay_dataset
1915747916	2350	eval_results/round_trip_phase_prompt_go2_matterport_vision_loco_2024-09-25_23-22-02_line2_50ep_historical_outbound_rerun1_20260807_ep498/icp_replay_dataset
1295423834	1441	eval_results/round_trip_phase_prompt_go2_matterport_vision_loco_2024-09-25_23-22-02_line2_50ep_historical_outbound_rerun1_20260807_ep4/icp_replay_dataset
4202091414	4587	eval_results/round_trip_phase_prompt_go2_matterport_vision_loco_2024-09-25_23-22-02_line2_50ep_historical_outbound_rerun1_20260807_ep5/icp_replay_dataset
1110402131	1244	eval_results/round_trip_phase_prompt_go2_matterport_vision_loco_2024-09-25_23-22-02_line2_50ep_historical_outbound_rerun1_20260807_ep647/icp_replay_dataset
5236204473	6014	eval_results/round_trip_phase_prompt_go2_matterport_vision_loco_2024-09-25_23-22-02_line2_50ep_historical_outbound_rerun1_20260807_ep671/icp_replay_dataset
2848856462	3324	eval_results/round_trip_phase_prompt_go2_matterport_vision_loco_2024-09-25_23-22-02_line2_50ep_historical_outbound_rerun1_20260807_ep680/icp_replay_dataset
4764786601	5048	eval_results/round_trip_phase_prompt_go2_matterport_vision_loco_2024-09-25_23-22-02_line2_50ep_historical_outbound_rerun1_20260807_ep688/icp_replay_dataset
4039724848	5071	eval_results/round_trip_phase_prompt_go2_matterport_vision_loco_2024-09-25_23-22-02_line2_50ep_historical_outbound_rerun1_20260807_ep89/icp_replay_dataset
2403571851	2946	eval_results/round_trip_phase_prompt_go2_matterport_vision_loco_2024-09-25_23-22-02_line2_50ep_historical_outbound_rerun1_20260807_ep994/icp_replay_dataset
4891837196	6013	eval_results/round_trip_phase_prompt_go2_matterport_vision_loco_2024-09-25_23-22-02_line2_closure_cooldown_smoke_20260815_ep517/icp_replay_dataset
5008603885	6012	eval_results/round_trip_phase_prompt_go2_matterport_vision_loco_2024-09-25_23-22-02_line2_closure_off_cooldown_kdtree_100ep_20260815_ep1002/icp_replay_dataset
3295024847	3797	eval_results/round_trip_phase_prompt_go2_matterport_vision_loco_2024-09-25_23-22-02_line2_closure_off_cooldown_kdtree_100ep_20260815_ep1003/icp_replay_dataset
2215201800	2573	eval_results/round_trip_phase_prompt_go2_matterport_vision_loco_2024-09-25_23-22-02_line2_closure_off_cooldown_kdtree_100ep_20260815_ep1004/icp_replay_dataset
5382393486	6016	eval_results/round_trip_phase_prompt_go2_matterport_vision_loco_2024-09-25_23-22-02_line2_closure_off_cooldown_kdtree_100ep_20260815_ep1038/icp_replay_dataset
3092429640	3257	eval_results/round_trip_phase_prompt_go2_matterport_vision_loco_2024-09-25_23-22-02_line2_closure_off_cooldown_kdtree_100ep_20260815_ep1062/icp_replay_dataset
1234792392	1396	eval_results/round_trip_phase_prompt_go2_matterport_vision_loco_2024-09-25_23-22-02_line2_closure_off_cooldown_kdtree_100ep_20260815_ep189/icp_replay_dataset
207764873	196	eval_results/round_trip_phase_prompt_go2_matterport_vision_loco_2024-09-25_23-22-02_line2_closure_off_cooldown_kdtree_100ep_20260815_ep18/icp_replay_dataset
5550396057	6021	eval_results/round_trip_phase_prompt_go2_matterport_vision_loco_2024-09-25_23-22-02_line2_closure_off_cooldown_kdtree_100ep_20260815_ep205/icp_replay_dataset
876100385	976	eval_results/round_trip_phase_prompt_go2_matterport_vision_loco_2024-09-25_23-22-02_line2_closure_off_cooldown_kdtree_100ep_20260815_ep20/icp_replay_dataset
5089862261	5778	eval_results/round_trip_phase_prompt_go2_matterport_vision_loco_2024-09-25_23-22-02_line2_closure_off_cooldown_kdtree_100ep_20260815_ep226/icp_replay_dataset
5705771097	6016	eval_results/round_trip_phase_prompt_go2_matterport_vision_loco_2024-09-25_23-22-02_line2_closure_off_cooldown_kdtree_100ep_20260815_ep228/icp_replay_dataset
922135108	1100	eval_results/round_trip_phase_prompt_go2_matterport_vision_loco_2024-09-25_23-22-02_line2_closure_off_cooldown_kdtree_100ep_20260815_ep264/icp_replay_dataset
922112858	1100	eval_results/round_trip_phase_prompt_go2_matterport_vision_loco_2024-09-25_23-22-02_line2_closure_off_cooldown_kdtree_100ep_20260815_ep266/icp_replay_dataset
1793077706	2120	eval_results/round_trip_phase_prompt_go2_matterport_vision_loco_2024-09-25_23-22-02_line2_closure_off_cooldown_kdtree_100ep_20260815_ep268/icp_replay_dataset
1788148749	2093	eval_results/round_trip_phase_prompt_go2_matterport_vision_loco_2024-09-25_23-22-02_line2_closure_off_cooldown_kdtree_100ep_20260815_ep271/icp_replay_dataset
1439542575	1636	eval_results/round_trip_phase_prompt_go2_matterport_vision_loco_2024-09-25_23-22-02_line2_closure_off_cooldown_kdtree_100ep_20260815_ep291/icp_replay_dataset
5326728856	6014	eval_results/round_trip_phase_prompt_go2_matterport_vision_loco_2024-09-25_23-22-02_line2_closure_off_cooldown_kdtree_100ep_20260815_ep304/icp_replay_dataset
1483651015	1600	eval_results/round_trip_phase_prompt_go2_matterport_vision_loco_2024-09-25_23-22-02_line2_closure_off_cooldown_kdtree_100ep_20260815_ep319/icp_replay_dataset
4949039999	6018	eval_results/round_trip_phase_prompt_go2_matterport_vision_loco_2024-09-25_23-22-02_line2_closure_off_cooldown_kdtree_100ep_20260815_ep324/icp_replay_dataset
2266707571	2753	eval_results/round_trip_phase_prompt_go2_matterport_vision_loco_2024-09-25_23-22-02_line2_closure_off_cooldown_kdtree_100ep_20260815_ep351/icp_replay_dataset
541179425	642	eval_results/round_trip_phase_prompt_go2_matterport_vision_loco_2024-09-25_23-22-02_line2_closure_off_cooldown_kdtree_100ep_20260815_ep353/icp_replay_dataset
5333757329	6017	eval_results/round_trip_phase_prompt_go2_matterport_vision_loco_2024-09-25_23-22-02_line2_closure_off_cooldown_kdtree_100ep_20260815_ep366/icp_replay_dataset
1030828766	1187	eval_results/round_trip_phase_prompt_go2_matterport_vision_loco_2024-09-25_23-22-02_line2_closure_off_cooldown_kdtree_100ep_20260815_ep367/icp_replay_dataset
525172310	562	eval_results/round_trip_phase_prompt_go2_matterport_vision_loco_2024-09-25_23-22-02_line2_closure_off_cooldown_kdtree_100ep_20260815_ep368/icp_replay_dataset
5091597763	6013	eval_results/round_trip_phase_prompt_go2_matterport_vision_loco_2024-09-25_23-22-02_line2_closure_off_cooldown_kdtree_100ep_20260815_ep376/icp_replay_dataset
440527204	462	eval_results/round_trip_phase_prompt_go2_matterport_vision_loco_2024-09-25_23-22-02_line2_closure_off_cooldown_kdtree_100ep_20260815_ep426/icp_replay_dataset
1257829602	1332	eval_results/round_trip_phase_prompt_go2_matterport_vision_loco_2024-09-25_23-22-02_line2_closure_off_cooldown_kdtree_100ep_20260815_ep428/icp_replay_dataset
1002283019	1076	eval_results/round_trip_phase_prompt_go2_matterport_vision_loco_2024-09-25_23-22-02_line2_closure_off_cooldown_kdtree_100ep_20260815_ep463/icp_replay_dataset
1864062069	2148	eval_results/round_trip_phase_prompt_go2_matterport_vision_loco_2024-09-25_23-22-02_line2_closure_off_cooldown_kdtree_100ep_20260815_ep470/icp_replay_dataset
5353225437	5712	eval_results/round_trip_phase_prompt_go2_matterport_vision_loco_2024-09-25_23-22-02_line2_closure_off_cooldown_kdtree_100ep_20260815_ep476/icp_replay_dataset
1160015070	1185	eval_results/round_trip_phase_prompt_go2_matterport_vision_loco_2024-09-25_23-22-02_line2_closure_off_cooldown_kdtree_100ep_20260815_ep479/icp_replay_dataset
4878709458	6010	eval_results/round_trip_phase_prompt_go2_matterport_vision_loco_2024-09-25_23-22-02_line2_closure_off_cooldown_kdtree_100ep_20260815_ep484/icp_replay_dataset
5155295555	6017	eval_results/round_trip_phase_prompt_go2_matterport_vision_loco_2024-09-25_23-22-02_line2_closure_off_cooldown_kdtree_100ep_20260815_ep490/icp_replay_dataset
2394642696	2965	eval_results/round_trip_phase_prompt_go2_matterport_vision_loco_2024-09-25_23-22-02_line2_closure_off_cooldown_kdtree_100ep_20260815_ep4/icp_replay_dataset
5366755709	6013	eval_results/round_trip_phase_prompt_go2_matterport_vision_loco_2024-09-25_23-22-02_line2_closure_off_cooldown_kdtree_100ep_20260815_ep517/icp_replay_dataset
5242067465	6017	eval_results/round_trip_phase_prompt_go2_matterport_vision_loco_2024-09-25_23-22-02_line2_closure_off_cooldown_kdtree_100ep_20260815_ep534/icp_replay_dataset
1115713359	1245	eval_results/round_trip_phase_prompt_go2_matterport_vision_loco_2024-09-25_23-22-02_line2_closure_off_cooldown_kdtree_100ep_20260815_ep539/icp_replay_dataset
5231994536	6015	eval_results/round_trip_phase_prompt_go2_matterport_vision_loco_2024-09-25_23-22-02_line2_closure_off_cooldown_kdtree_100ep_20260815_ep555/icp_replay_dataset
2493431150	3107	eval_results/round_trip_phase_prompt_go2_matterport_vision_loco_2024-09-25_23-22-02_line2_closure_off_cooldown_kdtree_100ep_20260815_ep566/icp_replay_dataset
3074143705	3561	eval_results/round_trip_phase_prompt_go2_matterport_vision_loco_2024-09-25_23-22-02_line2_closure_off_cooldown_kdtree_100ep_20260815_ep579/icp_replay_dataset
271522446	310	eval_results/round_trip_phase_prompt_go2_matterport_vision_loco_2024-09-25_23-22-02_line2_closure_off_cooldown_kdtree_100ep_20260815_ep621/icp_replay_dataset
901651856	1003	eval_results/round_trip_phase_prompt_go2_matterport_vision_loco_2024-09-25_23-22-02_line2_closure_off_cooldown_kdtree_100ep_20260815_ep645/icp_replay_dataset
1161401801	1454	eval_results/round_trip_phase_prompt_go2_matterport_vision_loco_2024-09-25_23-22-02_line2_closure_off_cooldown_kdtree_100ep_20260815_ep646/icp_replay_dataset
943248588	1033	eval_results/round_trip_phase_prompt_go2_matterport_vision_loco_2024-09-25_23-22-02_line2_closure_off_cooldown_kdtree_100ep_20260815_ep647/icp_replay_dataset
4044096058	4550	eval_results/round_trip_phase_prompt_go2_matterport_vision_loco_2024-09-25_23-22-02_line2_closure_off_cooldown_kdtree_100ep_20260815_ep658/icp_replay_dataset
1120133465	1274	eval_results/round_trip_phase_prompt_go2_matterport_vision_loco_2024-09-25_23-22-02_line2_closure_off_cooldown_kdtree_100ep_20260815_ep669/icp_replay_dataset
1293664958	1485	eval_results/round_trip_phase_prompt_go2_matterport_vision_loco_2024-09-25_23-22-02_line2_closure_off_cooldown_kdtree_100ep_20260815_ep670/icp_replay_dataset
1339637733	1514	eval_results/round_trip_phase_prompt_go2_matterport_vision_loco_2024-09-25_23-22-02_line2_closure_off_cooldown_kdtree_100ep_20260815_ep671/icp_replay_dataset
2674318818	3111	eval_results/round_trip_phase_prompt_go2_matterport_vision_loco_2024-09-25_23-22-02_line2_closure_off_cooldown_kdtree_100ep_20260815_ep679/icp_replay_dataset
406176141	431	eval_results/round_trip_phase_prompt_go2_matterport_vision_loco_2024-09-25_23-22-02_line2_closure_off_cooldown_kdtree_100ep_20260815_ep688/icp_replay_dataset
5335636039	6016	eval_results/round_trip_phase_prompt_go2_matterport_vision_loco_2024-09-25_23-22-02_line2_closure_off_cooldown_kdtree_100ep_20260815_ep696/icp_replay_dataset
895033058	975	eval_results/round_trip_phase_prompt_go2_matterport_vision_loco_2024-09-25_23-22-02_line2_closure_off_cooldown_kdtree_100ep_20260815_ep705/icp_replay_dataset
780471524	887	eval_results/round_trip_phase_prompt_go2_matterport_vision_loco_2024-09-25_23-22-02_line2_closure_off_cooldown_kdtree_100ep_20260815_ep733/icp_replay_dataset
645945050	686	eval_results/round_trip_phase_prompt_go2_matterport_vision_loco_2024-09-25_23-22-02_line2_closure_off_cooldown_kdtree_100ep_20260815_ep783/icp_replay_dataset
500251941	524	eval_results/round_trip_phase_prompt_go2_matterport_vision_loco_2024-09-25_23-22-02_line2_closure_off_cooldown_kdtree_100ep_20260815_ep784/icp_replay_dataset
639018566	674	eval_results/round_trip_phase_prompt_go2_matterport_vision_loco_2024-09-25_23-22-02_line2_closure_off_cooldown_kdtree_100ep_20260815_ep785/icp_replay_dataset
5068469469	6017	eval_results/round_trip_phase_prompt_go2_matterport_vision_loco_2024-09-25_23-22-02_line2_closure_off_cooldown_kdtree_100ep_20260815_ep806/icp_replay_dataset
5329633184	6011	eval_results/round_trip_phase_prompt_go2_matterport_vision_loco_2024-09-25_23-22-02_line2_closure_off_cooldown_kdtree_100ep_20260815_ep814/icp_replay_dataset
702282793	792	eval_results/round_trip_phase_prompt_go2_matterport_vision_loco_2024-09-25_23-22-02_line2_closure_off_cooldown_kdtree_100ep_20260815_ep815/icp_replay_dataset
1367314026	1454	eval_results/round_trip_phase_prompt_go2_matterport_vision_loco_2024-09-25_23-22-02_line2_closure_off_cooldown_kdtree_100ep_20260815_ep829/icp_replay_dataset
1079083414	1245	eval_results/round_trip_phase_prompt_go2_matterport_vision_loco_2024-09-25_23-22-02_line2_closure_off_cooldown_kdtree_100ep_20260815_ep833/icp_replay_dataset
1359992813	1482	eval_results/round_trip_phase_prompt_go2_matterport_vision_loco_2024-09-25_23-22-02_line2_closure_off_cooldown_kdtree_100ep_20260815_ep844/icp_replay_dataset
5518018249	6014	eval_results/round_trip_phase_prompt_go2_matterport_vision_loco_2024-09-25_23-22-02_line2_closure_off_cooldown_kdtree_100ep_20260815_ep86/icp_replay_dataset
1460196231	1606	eval_results/round_trip_phase_prompt_go2_matterport_vision_loco_2024-09-25_23-22-02_line2_closure_off_cooldown_kdtree_100ep_20260815_ep885/icp_replay_dataset
1201184126	1366	eval_results/round_trip_phase_prompt_go2_matterport_vision_loco_2024-09-25_23-22-02_line2_closure_off_cooldown_kdtree_100ep_20260815_ep888/icp_replay_dataset
1451787574	1696	eval_results/round_trip_phase_prompt_go2_matterport_vision_loco_2024-09-25_23-22-02_line2_closure_off_cooldown_kdtree_100ep_20260815_ep889/icp_replay_dataset
5803988611	6012	eval_results/round_trip_phase_prompt_go2_matterport_vision_loco_2024-09-25_23-22-02_line2_closure_off_cooldown_kdtree_100ep_20260815_ep88/icp_replay_dataset
920110469	1034	eval_results/round_trip_phase_prompt_go2_matterport_vision_loco_2024-09-25_23-22-02_line2_closure_off_cooldown_kdtree_100ep_20260815_ep895/icp_replay_dataset
210170841	203	eval_results/round_trip_phase_prompt_go2_matterport_vision_loco_2024-09-25_23-22-02_line2_closure_off_cooldown_kdtree_100ep_20260815_ep89/icp_replay_dataset
1434282832	1714	eval_results/round_trip_phase_prompt_go2_matterport_vision_loco_2024-09-25_23-22-02_line2_closure_off_cooldown_kdtree_100ep_20260815_ep95/icp_replay_dataset
610574145	704	eval_results/round_trip_phase_prompt_go2_matterport_vision_loco_2024-09-25_23-22-02_line2_closure_off_cooldown_kdtree_100ep_20260815_ep960/icp_replay_dataset
855938844	1003	eval_results/round_trip_phase_prompt_go2_matterport_vision_loco_2024-09-25_23-22-02_line2_closure_off_cooldown_kdtree_100ep_20260815_ep961/icp_replay_dataset
567664868	644	eval_results/round_trip_phase_prompt_go2_matterport_vision_loco_2024-09-25_23-22-02_line2_closure_off_cooldown_kdtree_100ep_20260815_ep962/icp_replay_dataset
890268713	1000	eval_results/round_trip_phase_prompt_go2_matterport_vision_loco_2024-09-25_23-22-02_line2_closure_off_cooldown_kdtree_100ep_20260815_ep97/icp_replay_dataset
1927568711	2341	eval_results/round_trip_phase_prompt_go2_matterport_vision_loco_2024-09-25_23-22-02_line2_closure_off_cooldown_kdtree_100ep_20260815_ep993/icp_replay_dataset
1862756109	2241	eval_results/round_trip_phase_prompt_go2_matterport_vision_loco_2024-09-25_23-22-02_line2_closure_off_cooldown_kdtree_100ep_20260815_ep994/icp_replay_dataset
1259832324	1396	eval_results/round_trip_phase_prompt_go2_matterport_vision_loco_2024-09-25_23-22-02_line2_phase01_30ep_20260803_ep1038/icp_replay_dataset
5183034597	6017	eval_results/round_trip_phase_prompt_go2_matterport_vision_loco_2024-09-25_23-22-02_line2_phase01_30ep_20260803_ep1040/icp_replay_dataset
134437608	108	eval_results/round_trip_phase_prompt_go2_matterport_vision_loco_2024-09-25_23-22-02_line2_phase01_30ep_20260803_ep187/icp_replay_dataset
5770878727	6018	eval_results/round_trip_phase_prompt_go2_matterport_vision_loco_2024-09-25_23-22-02_line2_phase01_30ep_20260803_ep205/icp_replay_dataset
2487872468	2960	eval_results/round_trip_phase_prompt_go2_matterport_vision_loco_2024-09-25_23-22-02_line2_phase01_30ep_20260803_ep268/icp_replay_dataset
1381178221	1681	eval_results/round_trip_phase_prompt_go2_matterport_vision_loco_2024-09-25_23-22-02_line2_phase01_30ep_20260803_ep295/icp_replay_dataset
5379638325	6017	eval_results/round_trip_phase_prompt_go2_matterport_vision_loco_2024-09-25_23-22-02_line2_phase01_30ep_20260803_ep367/icp_replay_dataset
5317879925	6017	eval_results/round_trip_phase_prompt_go2_matterport_vision_loco_2024-09-25_23-22-02_line2_phase01_30ep_20260803_ep368/icp_replay_dataset
620784518	670	eval_results/round_trip_phase_prompt_go2_matterport_vision_loco_2024-09-25_23-22-02_line2_phase01_30ep_20260803_ep498/icp_replay_dataset
4114436513	4472	eval_results/round_trip_phase_prompt_go2_matterport_vision_loco_2024-09-25_23-22-02_line2_phase01_30ep_20260803_ep5/icp_replay_dataset
687707838	763	eval_results/round_trip_phase_prompt_go2_matterport_vision_loco_2024-09-25_23-22-02_line2_phase01_30ep_20260803_ep647/icp_replay_dataset
5218962356	6014	eval_results/round_trip_phase_prompt_go2_matterport_vision_loco_2024-09-25_23-22-02_line2_phase01_30ep_20260803_ep671/icp_replay_dataset
5478407756	6021	eval_results/round_trip_phase_prompt_go2_matterport_vision_loco_2024-09-25_23-22-02_line2_phase01_30ep_20260803_ep678/icp_replay_dataset
945356181	1063	eval_results/round_trip_phase_prompt_go2_matterport_vision_loco_2024-09-25_23-22-02_line2_phase01_30ep_20260803_ep680/icp_replay_dataset
4769100884	5141	eval_results/round_trip_phase_prompt_go2_matterport_vision_loco_2024-09-25_23-22-02_line2_phase01_30ep_20260803_ep688/icp_replay_dataset
65839189	44	eval_results/round_trip_phase_prompt_go2_matterport_vision_loco_2024-09-25_23-22-02_line2_phase01_30ep_20260803_ep708/icp_replay_dataset
193156169	199	eval_results/round_trip_phase_prompt_go2_matterport_vision_loco_2024-09-25_23-22-02_line2_phase01_30ep_20260803_ep89/icp_replay_dataset
1616018024	1971	eval_results/round_trip_phase_prompt_go2_matterport_vision_loco_2024-09-25_23-22-02_line2_phase01_30ep_20260803_ep994/icp_replay_dataset
84070839	61	eval_results/round_trip_phase_prompt_go2_matterport_vision_loco_2024-09-25_23-22-02_line2_phase01_diag_check_20260803_ep4/icp_replay_dataset
2078987391	2340	eval_results/round_trip_phase_prompt_go2_matterport_vision_loco_2024-09-25_23-22-02_line2_phase01_smoke_4ep_20260803_ep205/icp_replay_dataset
3163034564	3885	eval_results/round_trip_phase_prompt_go2_matterport_vision_loco_2024-09-25_23-22-02_line2_phase01_smoke_4ep_20260803_ep344/icp_replay_dataset
3050860941	3326	eval_results/round_trip_phase_prompt_go2_matterport_vision_loco_2024-09-25_23-22-02_line2_phase01_smoke_4ep_20260803_ep368/icp_replay_dataset
2088689903	2327	eval_results/round_trip_phase_prompt_go2_matterport_vision_loco_2024-09-25_23-22-02_line2_stopgate_redesign_30ep_20260804_ep1038/icp_replay_dataset
5353655704	6016	eval_results/round_trip_phase_prompt_go2_matterport_vision_loco_2024-09-25_23-22-02_line2_stopgate_redesign_30ep_20260804_ep1040/icp_replay_dataset
1765954039	2003	eval_results/round_trip_phase_prompt_go2_matterport_vision_loco_2024-09-25_23-22-02_line2_stopgate_redesign_30ep_20260804_ep205/icp_replay_dataset
1412246409	1655	eval_results/round_trip_phase_prompt_go2_matterport_vision_loco_2024-09-25_23-22-02_line2_stopgate_redesign_30ep_20260804_ep268/icp_replay_dataset
1550701589	1873	eval_results/round_trip_phase_prompt_go2_matterport_vision_loco_2024-09-25_23-22-02_line2_stopgate_redesign_30ep_20260804_ep295/icp_replay_dataset
4839583430	5408	eval_results/round_trip_phase_prompt_go2_matterport_vision_loco_2024-09-25_23-22-02_line2_stopgate_redesign_30ep_20260804_ep367/icp_replay_dataset
4543303979	5055	eval_results/round_trip_phase_prompt_go2_matterport_vision_loco_2024-09-25_23-22-02_line2_stopgate_redesign_30ep_20260804_ep368/icp_replay_dataset
3462508951	3888	eval_results/round_trip_phase_prompt_go2_matterport_vision_loco_2024-09-25_23-22-02_line2_stopgate_redesign_30ep_20260804_ep420/icp_replay_dataset
3637879736	4188	eval_results/round_trip_phase_prompt_go2_matterport_vision_loco_2024-09-25_23-22-02_line2_stopgate_redesign_30ep_20260804_ep430/icp_replay_dataset
1296953441	1456	eval_results/round_trip_phase_prompt_go2_matterport_vision_loco_2024-09-25_23-22-02_line2_stopgate_redesign_30ep_20260804_ep4/icp_replay_dataset
2721423807	2984	eval_results/round_trip_phase_prompt_go2_matterport_vision_loco_2024-09-25_23-22-02_line2_stopgate_redesign_30ep_20260804_ep5/icp_replay_dataset
829093789	913	eval_results/round_trip_phase_prompt_go2_matterport_vision_loco_2024-09-25_23-22-02_line2_stopgate_redesign_30ep_20260804_ep647/icp_replay_dataset
5236519552	6014	eval_results/round_trip_phase_prompt_go2_matterport_vision_loco_2024-09-25_23-22-02_line2_stopgate_redesign_30ep_20260804_ep671/icp_replay_dataset
2183139153	2452	eval_results/round_trip_phase_prompt_go2_matterport_vision_loco_2024-09-25_23-22-02_line2_stopgate_redesign_30ep_20260804_ep678/icp_replay_dataset
599766081	641	eval_results/round_trip_phase_prompt_go2_matterport_vision_loco_2024-09-25_23-22-02_line2_stopgate_redesign_30ep_20260804_ep688/icp_replay_dataset
1438932713	1752	eval_results/round_trip_phase_prompt_go2_matterport_vision_loco_2024-09-25_23-22-02_line2_stopgate_redesign_30ep_20260804_ep994/icp_replay_dataset
1831962102	2057	eval_results/round_trip_phase_prompt_go2_matterport_vision_loco_2024-09-25_23-22-02_line2_stopgate_redesign_no_yaw_align_highsuccess100ep_20260813_ep1038/icp_replay_dataset
1708563219	1907	eval_results/round_trip_phase_prompt_go2_matterport_vision_loco_2024-09-25_23-22-02_line2_stopgate_redesign_no_yaw_align_highsuccess100ep_20260813_ep1062/icp_replay_dataset
1234716035	1396	eval_results/round_trip_phase_prompt_go2_matterport_vision_loco_2024-09-25_23-22-02_line2_stopgate_redesign_no_yaw_align_highsuccess100ep_20260813_ep189/icp_replay_dataset
2248341693	2550	eval_results/round_trip_phase_prompt_go2_matterport_vision_loco_2024-09-25_23-22-02_line2_stopgate_redesign_no_yaw_align_highsuccess100ep_20260813_ep205/icp_replay_dataset
409228750	433	eval_results/round_trip_phase_prompt_go2_matterport_vision_loco_2024-09-25_23-22-02_line2_stopgate_redesign_no_yaw_align_highsuccess100ep_20260813_ep20/icp_replay_dataset
1684888329	2060	eval_results/round_trip_phase_prompt_go2_matterport_vision_loco_2024-09-25_23-22-02_line2_stopgate_redesign_no_yaw_align_highsuccess100ep_20260813_ep264/icp_replay_dataset
3053406563	3740	eval_results/round_trip_phase_prompt_go2_matterport_vision_loco_2024-09-25_23-22-02_line2_stopgate_redesign_no_yaw_align_highsuccess100ep_20260813_ep268/icp_replay_dataset
1926495797	2323	eval_results/round_trip_phase_prompt_go2_matterport_vision_loco_2024-09-25_23-22-02_line2_stopgate_redesign_no_yaw_align_highsuccess100ep_20260813_ep271/icp_replay_dataset
2833171913	3137	eval_results/round_trip_phase_prompt_go2_matterport_vision_loco_2024-09-25_23-22-02_line2_stopgate_redesign_no_yaw_align_highsuccess100ep_20260813_ep310/icp_replay_dataset
3584196290	4069	eval_results/round_trip_phase_prompt_go2_matterport_vision_loco_2024-09-25_23-22-02_line2_stopgate_redesign_no_yaw_align_highsuccess100ep_20260813_ep319/icp_replay_dataset
4947088962	6018	eval_results/round_trip_phase_prompt_go2_matterport_vision_loco_2024-09-25_23-22-02_line2_stopgate_redesign_no_yaw_align_highsuccess100ep_20260813_ep324/icp_replay_dataset
3746035610	4482	eval_results/round_trip_phase_prompt_go2_matterport_vision_loco_2024-09-25_23-22-02_line2_stopgate_redesign_no_yaw_align_highsuccess100ep_20260813_ep351/icp_replay_dataset
1430766378	1606	eval_results/round_trip_phase_prompt_go2_matterport_vision_loco_2024-09-25_23-22-02_line2_stopgate_redesign_no_yaw_align_highsuccess100ep_20260813_ep366/icp_replay_dataset
5181730056	6017	eval_results/round_trip_phase_prompt_go2_matterport_vision_loco_2024-09-25_23-22-02_line2_stopgate_redesign_no_yaw_align_highsuccess100ep_20260813_ep367/icp_replay_dataset
5146675751	6018	eval_results/round_trip_phase_prompt_go2_matterport_vision_loco_2024-09-25_23-22-02_line2_stopgate_redesign_no_yaw_align_highsuccess100ep_20260813_ep470/icp_replay_dataset
1174214505	1215	eval_results/round_trip_phase_prompt_go2_matterport_vision_loco_2024-09-25_23-22-02_line2_stopgate_redesign_no_yaw_align_highsuccess100ep_20260813_ep479/icp_replay_dataset
4828077853	6014	eval_results/round_trip_phase_prompt_go2_matterport_vision_loco_2024-09-25_23-22-02_line2_stopgate_redesign_no_yaw_align_highsuccess100ep_20260813_ep484/icp_replay_dataset
5401047231	6016	eval_results/round_trip_phase_prompt_go2_matterport_vision_loco_2024-09-25_23-22-02_line2_stopgate_redesign_no_yaw_align_highsuccess100ep_20260813_ep490/icp_replay_dataset
5038643050	6013	eval_results/round_trip_phase_prompt_go2_matterport_vision_loco_2024-09-25_23-22-02_line2_stopgate_redesign_no_yaw_align_highsuccess100ep_20260813_ep517/icp_replay_dataset
5272844563	6017	eval_results/round_trip_phase_prompt_go2_matterport_vision_loco_2024-09-25_23-22-02_line2_stopgate_redesign_no_yaw_align_highsuccess100ep_20260813_ep534/icp_replay_dataset
1192143810	1335	eval_results/round_trip_phase_prompt_go2_matterport_vision_loco_2024-09-25_23-22-02_line2_stopgate_redesign_no_yaw_align_highsuccess100ep_20260813_ep539/icp_replay_dataset
5213607358	6015	eval_results/round_trip_phase_prompt_go2_matterport_vision_loco_2024-09-25_23-22-02_line2_stopgate_redesign_no_yaw_align_highsuccess100ep_20260813_ep555/icp_replay_dataset
5276894294	6021	eval_results/round_trip_phase_prompt_go2_matterport_vision_loco_2024-09-25_23-22-02_line2_stopgate_redesign_no_yaw_align_highsuccess100ep_20260813_ep579/icp_replay_dataset
2229324015	2573	eval_results/round_trip_phase_prompt_go2_matterport_vision_loco_2024-09-25_23-22-02_line2_stopgate_redesign_no_yaw_align_highsuccess100ep_20260813_ep581/icp_replay_dataset
5346326114	6018	eval_results/round_trip_phase_prompt_go2_matterport_vision_loco_2024-09-25_23-22-02_line2_stopgate_redesign_no_yaw_align_highsuccess100ep_20260813_ep5/icp_replay_dataset
5549686737	6014	eval_results/round_trip_phase_prompt_go2_matterport_vision_loco_2024-09-25_23-22-02_line2_stopgate_redesign_no_yaw_align_highsuccess100ep_20260813_ep646/icp_replay_dataset
1102547217	1273	eval_results/round_trip_phase_prompt_go2_matterport_vision_loco_2024-09-25_23-22-02_line2_stopgate_redesign_no_yaw_align_highsuccess100ep_20260813_ep647/icp_replay_dataset
1451304807	1721	eval_results/round_trip_phase_prompt_go2_matterport_vision_loco_2024-09-25_23-22-02_line2_stopgate_redesign_no_yaw_align_highsuccess100ep_20260813_ep656/icp_replay_dataset
1403148139	1544	eval_results/round_trip_phase_prompt_go2_matterport_vision_loco_2024-09-25_23-22-02_line2_stopgate_redesign_no_yaw_align_highsuccess100ep_20260813_ep658/icp_replay_dataset
5360913636	6014	eval_results/round_trip_phase_prompt_go2_matterport_vision_loco_2024-09-25_23-22-02_line2_stopgate_redesign_no_yaw_align_highsuccess100ep_20260813_ep669/icp_replay_dataset
5290249971	6015	eval_results/round_trip_phase_prompt_go2_matterport_vision_loco_2024-09-25_23-22-02_line2_stopgate_redesign_no_yaw_align_highsuccess100ep_20260813_ep670/icp_replay_dataset
4131632230	4664	eval_results/round_trip_phase_prompt_go2_matterport_vision_loco_2024-09-25_23-22-02_line2_stopgate_redesign_no_yaw_align_highsuccess100ep_20260813_ep671/icp_replay_dataset
1580760760	1745	eval_results/round_trip_phase_prompt_go2_matterport_vision_loco_2024-09-25_23-22-02_line2_stopgate_redesign_no_yaw_align_highsuccess100ep_20260813_ep688/icp_replay_dataset
5394149274	6016	eval_results/round_trip_phase_prompt_go2_matterport_vision_loco_2024-09-25_23-22-02_line2_stopgate_redesign_no_yaw_align_highsuccess100ep_20260813_ep696/icp_replay_dataset
1212610419	1316	eval_results/round_trip_phase_prompt_go2_matterport_vision_loco_2024-09-25_23-22-02_line2_stopgate_redesign_no_yaw_align_highsuccess100ep_20260813_ep783/icp_replay_dataset
480064537	524	eval_results/round_trip_phase_prompt_go2_matterport_vision_loco_2024-09-25_23-22-02_line2_stopgate_redesign_no_yaw_align_highsuccess100ep_20260813_ep784/icp_replay_dataset
663348307	704	eval_results/round_trip_phase_prompt_go2_matterport_vision_loco_2024-09-25_23-22-02_line2_stopgate_redesign_no_yaw_align_highsuccess100ep_20260813_ep785/icp_replay_dataset
5218205291	6017	eval_results/round_trip_phase_prompt_go2_matterport_vision_loco_2024-09-25_23-22-02_line2_stopgate_redesign_no_yaw_align_highsuccess100ep_20260813_ep806/icp_replay_dataset
2971426969	3396	eval_results/round_trip_phase_prompt_go2_matterport_vision_loco_2024-09-25_23-22-02_line2_stopgate_redesign_no_yaw_align_highsuccess100ep_20260813_ep813/icp_replay_dataset
1303418748	1460	eval_results/round_trip_phase_prompt_go2_matterport_vision_loco_2024-09-25_23-22-02_line2_stopgate_redesign_no_yaw_align_highsuccess100ep_20260813_ep814/icp_replay_dataset
744117138	840	eval_results/round_trip_phase_prompt_go2_matterport_vision_loco_2024-09-25_23-22-02_line2_stopgate_redesign_no_yaw_align_highsuccess100ep_20260813_ep815/icp_replay_dataset
4835781056	5322	eval_results/round_trip_phase_prompt_go2_matterport_vision_loco_2024-09-25_23-22-02_line2_stopgate_redesign_no_yaw_align_highsuccess100ep_20260813_ep829/icp_replay_dataset
5518320894	6012	eval_results/round_trip_phase_prompt_go2_matterport_vision_loco_2024-09-25_23-22-02_line2_stopgate_redesign_no_yaw_align_highsuccess100ep_20260813_ep844/icp_replay_dataset
1502191633	1788	eval_results/round_trip_phase_prompt_go2_matterport_vision_loco_2024-09-25_23-22-02_line2_stopgate_redesign_no_yaw_align_highsuccess100ep_20260813_ep86/icp_replay_dataset
1490890088	1696	eval_results/round_trip_phase_prompt_go2_matterport_vision_loco_2024-09-25_23-22-02_line2_stopgate_redesign_no_yaw_align_highsuccess100ep_20260813_ep888/icp_replay_dataset
5365857965	6014	eval_results/round_trip_phase_prompt_go2_matterport_vision_loco_2024-09-25_23-22-02_line2_stopgate_redesign_no_yaw_align_highsuccess100ep_20260813_ep889/icp_replay_dataset
5545384977	6011	eval_results/round_trip_phase_prompt_go2_matterport_vision_loco_2024-09-25_23-22-02_line2_stopgate_redesign_no_yaw_align_highsuccess100ep_20260813_ep88/icp_replay_dataset
2935607977	3250	eval_results/round_trip_phase_prompt_go2_matterport_vision_loco_2024-09-25_23-22-02_line2_stopgate_redesign_no_yaw_align_highsuccess100ep_20260813_ep89/icp_replay_dataset
5099369606	6022	eval_results/round_trip_phase_prompt_go2_matterport_vision_loco_2024-09-25_23-22-02_line2_stopgate_redesign_no_yaw_align_highsuccess100ep_20260813_ep95/icp_replay_dataset
5073572969	6013	eval_results/round_trip_phase_prompt_go2_matterport_vision_loco_2024-09-25_23-22-02_line2_stopgate_redesign_no_yaw_align_highsuccess100ep_20260813_ep961/icp_replay_dataset
5321028359	6013	eval_results/round_trip_phase_prompt_go2_matterport_vision_loco_2024-09-25_23-22-02_line2_stopgate_redesign_no_yaw_align_highsuccess100ep_20260813_ep962/icp_replay_dataset
1011648410	1133	eval_results/round_trip_phase_prompt_go2_matterport_vision_loco_2024-09-25_23-22-02_line2_v11veto_turngate_trendconf_100ep_20260815_ep1002/icp_replay_dataset
802781452	903	eval_results/round_trip_phase_prompt_go2_matterport_vision_loco_2024-09-25_23-22-02_line2_v11veto_turngate_trendconf_100ep_20260815_ep1003/icp_replay_dataset
81482338	95	eval_results/round_trip_phase_prompt_go2_matterport_vision_loco_2024-09-25_23-22-02_line2_v11veto_turngate_trendconf_100ep_20260815_ep1004/icp_replay_dataset
206522442	199	eval_results/round_trip_phase_prompt_go2_matterport_vision_loco_2024-09-25_23-22-02_line2_v11veto_turngate_trendconf_100ep_20260815_ep1038/icp_replay_dataset
5377662002	6016	eval_results/round_trip_phase_prompt_go2_matterport_vision_loco_2024-09-25_23-22-02_line2_v11veto_turngate_trendconf_100ep_20260815_ep1040/icp_replay_dataset
1157270710	1321	eval_results/round_trip_phase_prompt_go2_matterport_vision_loco_2024-09-25_23-22-02_line2_v11veto_turngate_trendconf_100ep_20260815_ep1062/icp_replay_dataset
5281572870	6022	eval_results/round_trip_phase_prompt_go2_matterport_vision_loco_2024-09-25_23-22-02_line2_v11veto_turngate_trendconf_100ep_20260815_ep187/icp_replay_dataset
1849102514	2213	eval_results/round_trip_phase_prompt_go2_matterport_vision_loco_2024-09-25_23-22-02_line2_v11veto_turngate_trendconf_100ep_20260815_ep189/icp_replay_dataset
1493890904	1686	eval_results/round_trip_phase_prompt_go2_matterport_vision_loco_2024-09-25_23-22-02_line2_v11veto_turngate_trendconf_100ep_20260815_ep19/icp_replay_dataset
1577681850	1758	eval_results/round_trip_phase_prompt_go2_matterport_vision_loco_2024-09-25_23-22-02_line2_v11veto_turngate_trendconf_100ep_20260815_ep205/icp_replay_dataset
2764673572	3022	eval_results/round_trip_phase_prompt_go2_matterport_vision_loco_2024-09-25_23-22-02_line2_v11veto_turngate_trendconf_100ep_20260815_ep20/icp_replay_dataset
3622483401	4229	eval_results/round_trip_phase_prompt_go2_matterport_vision_loco_2024-09-25_23-22-02_line2_v11veto_turngate_trendconf_100ep_20260815_ep226/icp_replay_dataset
5219426029	6016	eval_results/round_trip_phase_prompt_go2_matterport_vision_loco_2024-09-25_23-22-02_line2_v11veto_turngate_trendconf_100ep_20260815_ep228/icp_replay_dataset
689573933	703	eval_results/round_trip_phase_prompt_go2_matterport_vision_loco_2024-09-25_23-22-02_line2_v11veto_turngate_trendconf_100ep_20260815_ep233/icp_replay_dataset
4711129267	5386	eval_results/round_trip_phase_prompt_go2_matterport_vision_loco_2024-09-25_23-22-02_line2_v11veto_turngate_trendconf_100ep_20260815_ep264/icp_replay_dataset
1453749601	1767	eval_results/round_trip_phase_prompt_go2_matterport_vision_loco_2024-09-25_23-22-02_line2_v11veto_turngate_trendconf_100ep_20260815_ep266/icp_replay_dataset
5484589657	6020	eval_results/round_trip_phase_prompt_go2_matterport_vision_loco_2024-09-25_23-22-02_line2_v11veto_turngate_trendconf_100ep_20260815_ep268/icp_replay_dataset
2043073290	2484	eval_results/round_trip_phase_prompt_go2_matterport_vision_loco_2024-09-25_23-22-02_line2_v11veto_turngate_trendconf_100ep_20260815_ep271/icp_replay_dataset
1623096121	1866	eval_results/round_trip_phase_prompt_go2_matterport_vision_loco_2024-09-25_23-22-02_line2_v11veto_turngate_trendconf_100ep_20260815_ep276/icp_replay_dataset
5254667171	6017	eval_results/round_trip_phase_prompt_go2_matterport_vision_loco_2024-09-25_23-22-02_line2_v11veto_turngate_trendconf_100ep_20260815_ep291/icp_replay_dataset
1564708029	1899	eval_results/round_trip_phase_prompt_go2_matterport_vision_loco_2024-09-25_23-22-02_line2_v11veto_turngate_trendconf_100ep_20260815_ep295/icp_replay_dataset
1093691899	1124	eval_results/round_trip_phase_prompt_go2_matterport_vision_loco_2024-09-25_23-22-02_line2_v11veto_turngate_trendconf_100ep_20260815_ep304/icp_replay_dataset
1135810548	1254	eval_results/round_trip_phase_prompt_go2_matterport_vision_loco_2024-09-25_23-22-02_line2_v11veto_turngate_trendconf_100ep_20260815_ep310/icp_replay_dataset
547737490	570	eval_results/round_trip_phase_prompt_go2_matterport_vision_loco_2024-09-25_23-22-02_line2_v11veto_turngate_trendconf_100ep_20260815_ep319/icp_replay_dataset
4978130666	6018	eval_results/round_trip_phase_prompt_go2_matterport_vision_loco_2024-09-25_23-22-02_line2_v11veto_turngate_trendconf_100ep_20260815_ep324/icp_replay_dataset
5229264114	6018	eval_results/round_trip_phase_prompt_go2_matterport_vision_loco_2024-09-25_23-22-02_line2_v11veto_turngate_trendconf_100ep_20260815_ep344/icp_replay_dataset
2710807084	3277	eval_results/round_trip_phase_prompt_go2_matterport_vision_loco_2024-09-25_23-22-02_line2_v11veto_turngate_trendconf_100ep_20260815_ep351/icp_replay_dataset
1725586339	2090	eval_results/round_trip_phase_prompt_go2_matterport_vision_loco_2024-09-25_23-22-02_line2_v11veto_turngate_trendconf_100ep_20260815_ep353/icp_replay_dataset
5439517364	6017	eval_results/round_trip_phase_prompt_go2_matterport_vision_loco_2024-09-25_23-22-02_line2_v11veto_turngate_trendconf_100ep_20260815_ep366/icp_replay_dataset
5133131184	6016	eval_results/round_trip_phase_prompt_go2_matterport_vision_loco_2024-09-25_23-22-02_line2_v11veto_turngate_trendconf_100ep_20260815_ep367/icp_replay_dataset
1093282736	1220	eval_results/round_trip_phase_prompt_go2_matterport_vision_loco_2024-09-25_23-22-02_line2_v11veto_turngate_trendconf_100ep_20260815_ep368/icp_replay_dataset
5135007452	6013	eval_results/round_trip_phase_prompt_go2_matterport_vision_loco_2024-09-25_23-22-02_line2_v11veto_turngate_trendconf_100ep_20260815_ep376/icp_replay_dataset
5707292502	6012	eval_results/round_trip_phase_prompt_go2_matterport_vision_loco_2024-09-25_23-22-02_line2_v11veto_turngate_trendconf_100ep_20260815_ep426/icp_replay_dataset
1257837768	1332	eval_results/round_trip_phase_prompt_go2_matterport_vision_loco_2024-09-25_23-22-02_line2_v11veto_turngate_trendconf_100ep_20260815_ep427/icp_replay_dataset
573096423	609	eval_results/round_trip_phase_prompt_go2_matterport_vision_loco_2024-09-25_23-22-02_line2_v11veto_turngate_trendconf_100ep_20260815_ep428/icp_replay_dataset
942672445	1005	eval_results/round_trip_phase_prompt_go2_matterport_vision_loco_2024-09-25_23-22-02_line2_v11veto_turngate_trendconf_100ep_20260815_ep463/icp_replay_dataset
1845537413	2022	eval_results/round_trip_phase_prompt_go2_matterport_vision_loco_2024-09-25_23-22-02_line2_v11veto_turngate_trendconf_100ep_20260815_ep470/icp_replay_dataset
1187276248	1218	eval_results/round_trip_phase_prompt_go2_matterport_vision_loco_2024-09-25_23-22-02_line2_v11veto_turngate_trendconf_100ep_20260815_ep476/icp_replay_dataset
1402883532	1505	eval_results/round_trip_phase_prompt_go2_matterport_vision_loco_2024-09-25_23-22-02_line2_v11veto_turngate_trendconf_100ep_20260815_ep479/icp_replay_dataset
4604047854	5653	eval_results/round_trip_phase_prompt_go2_matterport_vision_loco_2024-09-25_23-22-02_line2_v11veto_turngate_trendconf_100ep_20260815_ep484/icp_replay_dataset
5092170235	6016	eval_results/round_trip_phase_prompt_go2_matterport_vision_loco_2024-09-25_23-22-02_line2_v11veto_turngate_trendconf_100ep_20260815_ep489/icp_replay_dataset
5541342582	6016	eval_results/round_trip_phase_prompt_go2_matterport_vision_loco_2024-09-25_23-22-02_line2_v11veto_turngate_trendconf_100ep_20260815_ep490/icp_replay_dataset
5233082915	6016	eval_results/round_trip_phase_prompt_go2_matterport_vision_loco_2024-09-25_23-22-02_line2_v11veto_turngate_trendconf_100ep_20260815_ep491/icp_replay_dataset
1833819466	2029	eval_results/round_trip_phase_prompt_go2_matterport_vision_loco_2024-09-25_23-22-02_line2_v11veto_turngate_trendconf_100ep_20260815_ep498/icp_replay_dataset
4316127675	6016	eval_results/round_trip_phase_prompt_go2_matterport_vision_loco_2024-09-25_23-22-02_line2_v11veto_turngate_trendconf_100ep_20260815_ep4/icp_replay_dataset
2701340276	2972	eval_results/round_trip_phase_prompt_go2_matterport_vision_loco_2024-09-25_23-22-02_line2_v11veto_turngate_trendconf_100ep_20260815_ep517/icp_replay_dataset
5076146724	6017	eval_results/round_trip_phase_prompt_go2_matterport_vision_loco_2024-09-25_23-22-02_line2_v11veto_turngate_trendconf_100ep_20260815_ep534/icp_replay_dataset
6173890227	6015	eval_results/round_trip_phase_prompt_go2_matterport_vision_loco_2024-09-25_23-22-02_line2_v11veto_turngate_trendconf_100ep_20260815_ep539/icp_replay_dataset
1560999857	1682	eval_results/round_trip_phase_prompt_go2_matterport_vision_loco_2024-09-25_23-22-02_line2_v11veto_turngate_trendconf_100ep_20260815_ep555/icp_replay_dataset
1796371452	2191	eval_results/round_trip_phase_prompt_go2_matterport_vision_loco_2024-09-25_23-22-02_line2_v11veto_turngate_trendconf_100ep_20260815_ep566/icp_replay_dataset
5053532235	6021	eval_results/round_trip_phase_prompt_go2_matterport_vision_loco_2024-09-25_23-22-02_line2_v11veto_turngate_trendconf_100ep_20260815_ep579/icp_replay_dataset
5353256587	6023	eval_results/round_trip_phase_prompt_go2_matterport_vision_loco_2024-09-25_23-22-02_line2_v11veto_turngate_trendconf_100ep_20260815_ep581/icp_replay_dataset
1541700651	1801	eval_results/round_trip_phase_prompt_go2_matterport_vision_loco_2024-09-25_23-22-02_line2_v11veto_turngate_trendconf_100ep_20260815_ep5/icp_replay_dataset
222704374	250	eval_results/round_trip_phase_prompt_go2_matterport_vision_loco_2024-09-25_23-22-02_line2_v11veto_turngate_trendconf_100ep_20260815_ep621/icp_replay_dataset
4634107762	6014	eval_results/round_trip_phase_prompt_go2_matterport_vision_loco_2024-09-25_23-22-02_line2_v11veto_turngate_trendconf_100ep_20260815_ep645/icp_replay_dataset
827963475	913	eval_results/round_trip_phase_prompt_go2_matterport_vision_loco_2024-09-25_23-22-02_line2_v11veto_turngate_trendconf_100ep_20260815_ep646/icp_replay_dataset
760153597	883	eval_results/round_trip_phase_prompt_go2_matterport_vision_loco_2024-09-25_23-22-02_line2_v11veto_turngate_trendconf_100ep_20260815_ep647/icp_replay_dataset
2457099198	2911	eval_results/round_trip_phase_prompt_go2_matterport_vision_loco_2024-09-25_23-22-02_line2_v11veto_turngate_trendconf_100ep_20260815_ep653/icp_replay_dataset
1581822919	1927	eval_results/round_trip_phase_prompt_go2_matterport_vision_loco_2024-09-25_23-22-02_line2_v11veto_turngate_trendconf_100ep_20260815_ep656/icp_replay_dataset
1375414893	1514	eval_results/round_trip_phase_prompt_go2_matterport_vision_loco_2024-09-25_23-22-02_line2_v11veto_turngate_trendconf_100ep_20260815_ep658/icp_replay_dataset
4974810898	6014	eval_results/round_trip_phase_prompt_go2_matterport_vision_loco_2024-09-25_23-22-02_line2_v11veto_turngate_trendconf_100ep_20260815_ep669/icp_replay_dataset
1771217663	2135	eval_results/round_trip_phase_prompt_go2_matterport_vision_loco_2024-09-25_23-22-02_line2_v11veto_turngate_trendconf_100ep_20260815_ep670/icp_replay_dataset
1143006797	1304	eval_results/round_trip_phase_prompt_go2_matterport_vision_loco_2024-09-25_23-22-02_line2_v11veto_turngate_trendconf_100ep_20260815_ep671/icp_replay_dataset
5256155283	5736	eval_results/round_trip_phase_prompt_go2_matterport_vision_loco_2024-09-25_23-22-02_line2_v11veto_turngate_trendconf_100ep_20260815_ep679/icp_replay_dataset
5530038034	6022	eval_results/round_trip_phase_prompt_go2_matterport_vision_loco_2024-09-25_23-22-02_line2_v11veto_turngate_trendconf_100ep_20260815_ep680/icp_replay_dataset
429760264	460	eval_results/round_trip_phase_prompt_go2_matterport_vision_loco_2024-09-25_23-22-02_line2_v11veto_turngate_trendconf_100ep_20260815_ep687/icp_replay_dataset
378646731	401	eval_results/round_trip_phase_prompt_go2_matterport_vision_loco_2024-09-25_23-22-02_line2_v11veto_turngate_trendconf_100ep_20260815_ep688/icp_replay_dataset
1248261463	1459	eval_results/round_trip_phase_prompt_go2_matterport_vision_loco_2024-09-25_23-22-02_line2_v11veto_turngate_trendconf_100ep_20260815_ep696/icp_replay_dataset
1457467711	1695	eval_results/round_trip_phase_prompt_go2_matterport_vision_loco_2024-09-25_23-22-02_line2_v11veto_turngate_trendconf_100ep_20260815_ep705/icp_replay_dataset
1729925815	2011	eval_results/round_trip_phase_prompt_go2_matterport_vision_loco_2024-09-25_23-22-02_line2_v11veto_turngate_trendconf_100ep_20260815_ep733/icp_replay_dataset
610425556	674	eval_results/round_trip_phase_prompt_go2_matterport_vision_loco_2024-09-25_23-22-02_line2_v11veto_turngate_trendconf_100ep_20260815_ep783/icp_replay_dataset
5472329478	6014	eval_results/round_trip_phase_prompt_go2_matterport_vision_loco_2024-09-25_23-22-02_line2_v11veto_turngate_trendconf_100ep_20260815_ep784/icp_replay_dataset
1290314965	1441	eval_results/round_trip_phase_prompt_go2_matterport_vision_loco_2024-09-25_23-22-02_line2_v11veto_turngate_trendconf_100ep_20260815_ep785/icp_replay_dataset
5202310569	6017	eval_results/round_trip_phase_prompt_go2_matterport_vision_loco_2024-09-25_23-22-02_line2_v11veto_turngate_trendconf_100ep_20260815_ep806/icp_replay_dataset
945647045	1067	eval_results/round_trip_phase_prompt_go2_matterport_vision_loco_2024-09-25_23-22-02_line2_v11veto_turngate_trendconf_100ep_20260815_ep813/icp_replay_dataset
1579223159	1906	eval_results/round_trip_phase_prompt_go2_matterport_vision_loco_2024-09-25_23-22-02_line2_v11veto_turngate_trendconf_100ep_20260815_ep814/icp_replay_dataset
1158849084	1319	eval_results/round_trip_phase_prompt_go2_matterport_vision_loco_2024-09-25_23-22-02_line2_v11veto_turngate_trendconf_100ep_20260815_ep815/icp_replay_dataset
1031760937	1185	eval_results/round_trip_phase_prompt_go2_matterport_vision_loco_2024-09-25_23-22-02_line2_v11veto_turngate_trendconf_100ep_20260815_ep833/icp_replay_dataset
868506876	983	eval_results/round_trip_phase_prompt_go2_matterport_vision_loco_2024-09-25_23-22-02_line2_v11veto_turngate_trendconf_100ep_20260815_ep844/icp_replay_dataset
1719134421	2077	eval_results/round_trip_phase_prompt_go2_matterport_vision_loco_2024-09-25_23-22-02_line2_v11veto_turngate_trendconf_100ep_20260815_ep86/icp_replay_dataset
5862496387	6014	eval_results/round_trip_phase_prompt_go2_matterport_vision_loco_2024-09-25_23-22-02_line2_v11veto_turngate_trendconf_100ep_20260815_ep87/icp_replay_dataset
1178553245	1349	eval_results/round_trip_phase_prompt_go2_matterport_vision_loco_2024-09-25_23-22-02_line2_v11veto_turngate_trendconf_100ep_20260815_ep888/icp_replay_dataset
1432964490	1626	eval_results/round_trip_phase_prompt_go2_matterport_vision_loco_2024-09-25_23-22-02_line2_v11veto_turngate_trendconf_100ep_20260815_ep889/icp_replay_dataset
5330424867	6011	eval_results/round_trip_phase_prompt_go2_matterport_vision_loco_2024-09-25_23-22-02_line2_v11veto_turngate_trendconf_100ep_20260815_ep88/icp_replay_dataset
5268095423	6012	eval_results/round_trip_phase_prompt_go2_matterport_vision_loco_2024-09-25_23-22-02_line2_v11veto_turngate_trendconf_100ep_20260815_ep895/icp_replay_dataset
363061452	366	eval_results/round_trip_phase_prompt_go2_matterport_vision_loco_2024-09-25_23-22-02_line2_v11veto_turngate_trendconf_100ep_20260815_ep89/icp_replay_dataset
5239415637	6022	eval_results/round_trip_phase_prompt_go2_matterport_vision_loco_2024-09-25_23-22-02_line2_v11veto_turngate_trendconf_100ep_20260815_ep95/icp_replay_dataset
2854882621	3442	eval_results/round_trip_phase_prompt_go2_matterport_vision_loco_2024-09-25_23-22-02_line2_v11veto_turngate_trendconf_100ep_20260815_ep960/icp_replay_dataset
5162005506	6013	eval_results/round_trip_phase_prompt_go2_matterport_vision_loco_2024-09-25_23-22-02_line2_v11veto_turngate_trendconf_100ep_20260815_ep961/icp_replay_dataset
548728346	644	eval_results/round_trip_phase_prompt_go2_matterport_vision_loco_2024-09-25_23-22-02_line2_v11veto_turngate_trendconf_100ep_20260815_ep962/icp_replay_dataset
625613098	709	eval_results/round_trip_phase_prompt_go2_matterport_vision_loco_2024-09-25_23-22-02_line2_v11veto_turngate_trendconf_100ep_20260815_ep97/icp_replay_dataset
1957267552	2388	eval_results/round_trip_phase_prompt_go2_matterport_vision_loco_2024-09-25_23-22-02_line2_v11veto_turngate_trendconf_100ep_20260815_ep993/icp_replay_dataset
2019480292	2440	eval_results/round_trip_phase_prompt_go2_matterport_vision_loco_2024-09-25_23-22-02_line2_v11veto_turngate_trendconf_100ep_20260815_ep994/icp_replay_dataset
1037937399	1250	eval_results/round_trip_phase_prompt_go2_matterport_vision_loco_2024-09-25_23-22-02_line2_v11veto_turngate_trendconf_smoke_20260815_ep264/icp_replay_dataset
5028114291	6013	eval_results/round_trip_phase_prompt_go2_matterport_vision_loco_2024-09-25_23-22-02_line2_v11veto_turngate_trendconf_smoke_20260815_ep484/icp_replay_dataset
1937032915	2569	eval_results/round_trip_phase_prompt_go2_matterport_vision_loco_2024-09-25_23-22-02_line2_v11veto_turngate_trendconf_smoke_20260815_ep646/icp_replay_dataset
1090968485	1325	eval_results/round_trip_phase_prompt_go2_matterport_vision_loco_2024-09-25_23-22-02_line2_v11veto_turngate_trendconf_smoke_20260815_v2_ep264/icp_replay_dataset
1763059231	2140	eval_results/round_trip_phase_prompt_go2_matterport_vision_loco_2024-09-25_23-22-02_line2_v11veto_turngate_trendconf_smoke_20260815_v2_ep484/icp_replay_dataset
842132188	928	eval_results/round_trip_phase_prompt_go2_matterport_vision_loco_2024-09-25_23-22-02_line2_v11veto_turngate_trendconf_smoke_20260815_v2_ep646/icp_replay_dataset
1790521352	2054	eval_results/round_trip_phase_prompt_go2_matterport_vision_loco_2024-09-25_23-22-02_policy_v2_active50_icp_yaw_bruteforce_matched50_20260821_ep1004/icp_replay_dataset
1799896317	2115	eval_results/round_trip_phase_prompt_go2_matterport_vision_loco_2024-09-25_23-22-02_policy_v2_active50_icp_yaw_bruteforce_matched50_20260821_ep1038/icp_replay_dataset
1682368278	1876	eval_results/round_trip_phase_prompt_go2_matterport_vision_loco_2024-09-25_23-22-02_policy_v2_active50_icp_yaw_bruteforce_matched50_20260821_ep1062/icp_replay_dataset
1672954925	1874	eval_results/round_trip_phase_prompt_go2_matterport_vision_loco_2024-09-25_23-22-02_policy_v2_active50_icp_yaw_bruteforce_matched50_20260821_ep189/icp_replay_dataset
1373965975	1547	eval_results/round_trip_phase_prompt_go2_matterport_vision_loco_2024-09-25_23-22-02_policy_v2_active50_icp_yaw_bruteforce_matched50_20260821_ep205/icp_replay_dataset
1096453637	1247	eval_results/round_trip_phase_prompt_go2_matterport_vision_loco_2024-09-25_23-22-02_policy_v2_active50_icp_yaw_bruteforce_matched50_20260821_ep20/icp_replay_dataset
1616390072	1878	eval_results/round_trip_phase_prompt_go2_matterport_vision_loco_2024-09-25_23-22-02_policy_v2_active50_icp_yaw_bruteforce_matched50_20260821_ep264/icp_replay_dataset
1940233510	2299	eval_results/round_trip_phase_prompt_go2_matterport_vision_loco_2024-09-25_23-22-02_policy_v2_active50_icp_yaw_bruteforce_matched50_20260821_ep268/icp_replay_dataset
1385316805	1640	eval_results/round_trip_phase_prompt_go2_matterport_vision_loco_2024-09-25_23-22-02_policy_v2_active50_icp_yaw_bruteforce_matched50_20260821_ep271/icp_replay_dataset
2849255477	3285	eval_results/round_trip_phase_prompt_go2_matterport_vision_loco_2024-09-25_23-22-02_policy_v2_active50_icp_yaw_bruteforce_matched50_20260821_ep310/icp_replay_dataset
695757633	797	eval_results/round_trip_phase_prompt_go2_matterport_vision_loco_2024-09-25_23-22-02_policy_v2_active50_icp_yaw_bruteforce_matched50_20260821_ep324/icp_replay_dataset
911272226	1070	eval_results/round_trip_phase_prompt_go2_matterport_vision_loco_2024-09-25_23-22-02_policy_v2_active50_icp_yaw_bruteforce_matched50_20260821_ep351/icp_replay_dataset
5168866517	5880	eval_results/round_trip_phase_prompt_go2_matterport_vision_loco_2024-09-25_23-22-02_policy_v2_active50_icp_yaw_bruteforce_matched50_20260821_ep366/icp_replay_dataset
1562920465	1786	eval_results/round_trip_phase_prompt_go2_matterport_vision_loco_2024-09-25_23-22-02_policy_v2_active50_icp_yaw_bruteforce_matched50_20260821_ep367/icp_replay_dataset
2727308397	3347	eval_results/round_trip_phase_prompt_go2_matterport_vision_loco_2024-09-25_23-22-02_policy_v2_active50_icp_yaw_bruteforce_matched50_20260821_ep470/icp_replay_dataset
5365514452	5799	eval_results/round_trip_phase_prompt_go2_matterport_vision_loco_2024-09-25_23-22-02_policy_v2_active50_icp_yaw_bruteforce_matched50_20260821_ep479/icp_replay_dataset
1064866586	1240	eval_results/round_trip_phase_prompt_go2_matterport_vision_loco_2024-09-25_23-22-02_policy_v2_active50_icp_yaw_bruteforce_matched50_20260821_ep484/icp_replay_dataset
5026470729	5922	eval_results/round_trip_phase_prompt_go2_matterport_vision_loco_2024-09-25_23-22-02_policy_v2_active50_icp_yaw_bruteforce_matched50_20260821_ep490/icp_replay_dataset
1319603455	1632	eval_results/round_trip_phase_prompt_go2_matterport_vision_loco_2024-09-25_23-22-02_policy_v2_active50_icp_yaw_bruteforce_matched50_20260821_ep517/icp_replay_dataset
3354601590	3854	eval_results/round_trip_phase_prompt_go2_matterport_vision_loco_2024-09-25_23-22-02_policy_v2_active50_icp_yaw_bruteforce_matched50_20260821_ep534/icp_replay_dataset
5271335611	5978	eval_results/round_trip_phase_prompt_go2_matterport_vision_loco_2024-09-25_23-22-02_policy_v2_active50_icp_yaw_bruteforce_matched50_20260821_ep539/icp_replay_dataset
1676622939	1784	eval_results/round_trip_phase_prompt_go2_matterport_vision_loco_2024-09-25_23-22-02_policy_v2_active50_icp_yaw_bruteforce_matched50_20260821_ep555/icp_replay_dataset
1126951652	1341	eval_results/round_trip_phase_prompt_go2_matterport_vision_loco_2024-09-25_23-22-02_policy_v2_active50_icp_yaw_bruteforce_matched50_20260821_ep579/icp_replay_dataset
739396781	829	eval_results/round_trip_phase_prompt_go2_matterport_vision_loco_2024-09-25_23-22-02_policy_v2_active50_icp_yaw_bruteforce_matched50_20260821_ep581/icp_replay_dataset
5204771454	5951	eval_results/round_trip_phase_prompt_go2_matterport_vision_loco_2024-09-25_23-22-02_policy_v2_active50_icp_yaw_bruteforce_matched50_20260821_ep5/icp_replay_dataset
1068506799	1423	eval_results/round_trip_phase_prompt_go2_matterport_vision_loco_2024-09-25_23-22-02_policy_v2_active50_icp_yaw_bruteforce_matched50_20260821_ep646/icp_replay_dataset
2146561425	2471	eval_results/round_trip_phase_prompt_go2_matterport_vision_loco_2024-09-25_23-22-02_policy_v2_active50_icp_yaw_bruteforce_matched50_20260821_ep647/icp_replay_dataset
1313672097	1575	eval_results/round_trip_phase_prompt_go2_matterport_vision_loco_2024-09-25_23-22-02_policy_v2_active50_icp_yaw_bruteforce_matched50_20260821_ep656/icp_replay_dataset
1258557308	1392	eval_results/round_trip_phase_prompt_go2_matterport_vision_loco_2024-09-25_23-22-02_policy_v2_active50_icp_yaw_bruteforce_matched50_20260821_ep658/icp_replay_dataset
1534306863	1843	eval_results/round_trip_phase_prompt_go2_matterport_vision_loco_2024-09-25_23-22-02_policy_v2_active50_icp_yaw_bruteforce_matched50_20260821_ep669/icp_replay_dataset
2126138412	2623	eval_results/round_trip_phase_prompt_go2_matterport_vision_loco_2024-09-25_23-22-02_policy_v2_active50_icp_yaw_bruteforce_matched50_20260821_ep670/icp_replay_dataset
1627061318	1963	eval_results/round_trip_phase_prompt_go2_matterport_vision_loco_2024-09-25_23-22-02_policy_v2_active50_icp_yaw_bruteforce_matched50_20260821_ep671/icp_replay_dataset
621257266	699	eval_results/round_trip_phase_prompt_go2_matterport_vision_loco_2024-09-25_23-22-02_policy_v2_active50_icp_yaw_bruteforce_matched50_20260821_ep688/icp_replay_dataset
1264237555	1425	eval_results/round_trip_phase_prompt_go2_matterport_vision_loco_2024-09-25_23-22-02_policy_v2_active50_icp_yaw_bruteforce_matched50_20260821_ep696/icp_replay_dataset
630459392	672	eval_results/round_trip_phase_prompt_go2_matterport_vision_loco_2024-09-25_23-22-02_policy_v2_active50_icp_yaw_bruteforce_matched50_20260821_ep783/icp_replay_dataset
3401423402	3732	eval_results/round_trip_phase_prompt_go2_matterport_vision_loco_2024-09-25_23-22-02_policy_v2_active50_icp_yaw_bruteforce_matched50_20260821_ep784/icp_replay_dataset
610052426	643	eval_results/round_trip_phase_prompt_go2_matterport_vision_loco_2024-09-25_23-22-02_policy_v2_active50_icp_yaw_bruteforce_matched50_20260821_ep785/icp_replay_dataset
669704343	763	eval_results/round_trip_phase_prompt_go2_matterport_vision_loco_2024-09-25_23-22-02_policy_v2_active50_icp_yaw_bruteforce_matched50_20260821_ep813/icp_replay_dataset
1519945972	1720	eval_results/round_trip_phase_prompt_go2_matterport_vision_loco_2024-09-25_23-22-02_policy_v2_active50_icp_yaw_bruteforce_matched50_20260821_ep815/icp_replay_dataset
36081165	25	eval_results/round_trip_phase_prompt_go2_matterport_vision_loco_2024-09-25_23-22-02_policy_v2_active50_icp_yaw_bruteforce_matched50_20260821_ep844/icp_replay_dataset
883326848	1032	eval_results/round_trip_phase_prompt_go2_matterport_vision_loco_2024-09-25_23-22-02_policy_v2_active50_icp_yaw_bruteforce_matched50_20260821_ep86/icp_replay_dataset
1076571545	1215	eval_results/round_trip_phase_prompt_go2_matterport_vision_loco_2024-09-25_23-22-02_policy_v2_active50_icp_yaw_bruteforce_matched50_20260821_ep888/icp_replay_dataset
1211172409	1453	eval_results/round_trip_phase_prompt_go2_matterport_vision_loco_2024-09-25_23-22-02_policy_v2_active50_icp_yaw_bruteforce_matched50_20260821_ep889/icp_replay_dataset
4342248878	4660	eval_results/round_trip_phase_prompt_go2_matterport_vision_loco_2024-09-25_23-22-02_policy_v2_active50_icp_yaw_bruteforce_matched50_20260821_ep88/icp_replay_dataset
5140998332	5706	eval_results/round_trip_phase_prompt_go2_matterport_vision_loco_2024-09-25_23-22-02_policy_v2_active50_icp_yaw_bruteforce_matched50_20260821_ep89/icp_replay_dataset
5084657518	5949	eval_results/round_trip_phase_prompt_go2_matterport_vision_loco_2024-09-25_23-22-02_policy_v2_active50_icp_yaw_bruteforce_matched50_20260821_ep95/icp_replay_dataset
1581025720	1842	eval_results/round_trip_phase_prompt_go2_matterport_vision_loco_2024-09-25_23-22-02_policy_v2_active50_icp_yaw_bruteforce_matched50_20260821_ep961/icp_replay_dataset
507179215	574	eval_results/round_trip_phase_prompt_go2_matterport_vision_loco_2024-09-25_23-22-02_policy_v2_active50_icp_yaw_matched50_20260820_ep1004/icp_replay_dataset
1895968868	2145	eval_results/round_trip_phase_prompt_go2_matterport_vision_loco_2024-09-25_23-22-02_policy_v2_active50_icp_yaw_matched50_20260820_ep1038/icp_replay_dataset
1657684627	1846	eval_results/round_trip_phase_prompt_go2_matterport_vision_loco_2024-09-25_23-22-02_policy_v2_active50_icp_yaw_matched50_20260820_ep1062/icp_replay_dataset
1671476060	1874	eval_results/round_trip_phase_prompt_go2_matterport_vision_loco_2024-09-25_23-22-02_policy_v2_active50_icp_yaw_matched50_20260820_ep189/icp_replay_dataset
1831546574	2057	eval_results/round_trip_phase_prompt_go2_matterport_vision_loco_2024-09-25_23-22-02_policy_v2_active50_icp_yaw_matched50_20260820_ep205/icp_replay_dataset
1664047593	1893	eval_results/round_trip_phase_prompt_go2_matterport_vision_loco_2024-09-25_23-22-02_policy_v2_active50_icp_yaw_matched50_20260820_ep20/icp_replay_dataset
1690106841	2148	eval_results/round_trip_phase_prompt_go2_matterport_vision_loco_2024-09-25_23-22-02_policy_v2_active50_icp_yaw_matched50_20260820_ep264/icp_replay_dataset
1051290753	1192	eval_results/round_trip_phase_prompt_go2_matterport_vision_loco_2024-09-25_23-22-02_policy_v2_active50_icp_yaw_matched50_20260820_ep268/icp_replay_dataset
1651970476	1940	eval_results/round_trip_phase_prompt_go2_matterport_vision_loco_2024-09-25_23-22-02_policy_v2_active50_icp_yaw_matched50_20260820_ep271/icp_replay_dataset
3021683466	3555	eval_results/round_trip_phase_prompt_go2_matterport_vision_loco_2024-09-25_23-22-02_policy_v2_active50_icp_yaw_matched50_20260820_ep310/icp_replay_dataset
2531272007	2798	eval_results/round_trip_phase_prompt_go2_matterport_vision_loco_2024-09-25_23-22-02_policy_v2_active50_icp_yaw_matched50_20260820_ep319/icp_replay_dataset
563958266	644	eval_results/round_trip_phase_prompt_go2_matterport_vision_loco_2024-09-25_23-22-02_policy_v2_active50_icp_yaw_matched50_20260820_ep324/icp_replay_dataset
2166365520	2661	eval_results/round_trip_phase_prompt_go2_matterport_vision_loco_2024-09-25_23-22-02_policy_v2_active50_icp_yaw_matched50_20260820_ep351/icp_replay_dataset
1669838221	1906	eval_results/round_trip_phase_prompt_go2_matterport_vision_loco_2024-09-25_23-22-02_policy_v2_active50_icp_yaw_matched50_20260820_ep366/icp_replay_dataset
2368081675	2656	eval_results/round_trip_phase_prompt_go2_matterport_vision_loco_2024-09-25_23-22-02_policy_v2_active50_icp_yaw_matched50_20260820_ep367/icp_replay_dataset
2703874596	3287	eval_results/round_trip_phase_prompt_go2_matterport_vision_loco_2024-09-25_23-22-02_policy_v2_active50_icp_yaw_matched50_20260820_ep470/icp_replay_dataset
1352906216	1394	eval_results/round_trip_phase_prompt_go2_matterport_vision_loco_2024-09-25_23-22-02_policy_v2_active50_icp_yaw_matched50_20260820_ep479/icp_replay_dataset
1682533368	2048	eval_results/round_trip_phase_prompt_go2_matterport_vision_loco_2024-09-25_23-22-02_policy_v2_active50_icp_yaw_matched50_20260820_ep484/icp_replay_dataset
4764189244	5654	eval_results/round_trip_phase_prompt_go2_matterport_vision_loco_2024-09-25_23-22-02_policy_v2_active50_icp_yaw_matched50_20260820_ep490/icp_replay_dataset
1438274202	1722	eval_results/round_trip_phase_prompt_go2_matterport_vision_loco_2024-09-25_23-22-02_policy_v2_active50_icp_yaw_matched50_20260820_ep517/icp_replay_dataset
1650328419	1996	eval_results/round_trip_phase_prompt_go2_matterport_vision_loco_2024-09-25_23-22-02_policy_v2_active50_icp_yaw_matched50_20260820_ep534/icp_replay_dataset
1240166055	1394	eval_results/round_trip_phase_prompt_go2_matterport_vision_loco_2024-09-25_23-22-02_policy_v2_active50_icp_yaw_matched50_20260820_ep539/icp_replay_dataset
1695605582	1784	eval_results/round_trip_phase_prompt_go2_matterport_vision_loco_2024-09-25_23-22-02_policy_v2_active50_icp_yaw_matched50_20260820_ep555/icp_replay_dataset
1966634136	2270	eval_results/round_trip_phase_prompt_go2_matterport_vision_loco_2024-09-25_23-22-02_policy_v2_active50_icp_yaw_matched50_20260820_ep579/icp_replay_dataset
1808699339	2134	eval_results/round_trip_phase_prompt_go2_matterport_vision_loco_2024-09-25_23-22-02_policy_v2_active50_icp_yaw_matched50_20260820_ep581/icp_replay_dataset
1483735015	1567	eval_results/round_trip_phase_prompt_go2_matterport_vision_loco_2024-09-25_23-22-02_policy_v2_active50_icp_yaw_matched50_20260820_ep5/icp_replay_dataset
5228495785	5775	eval_results/round_trip_phase_prompt_go2_matterport_vision_loco_2024-09-25_23-22-02_policy_v2_active50_icp_yaw_matched50_20260820_ep646/icp_replay_dataset
3560220887	4212	eval_results/round_trip_phase_prompt_go2_matterport_vision_loco_2024-09-25_23-22-02_policy_v2_active50_icp_yaw_matched50_20260820_ep647/icp_replay_dataset
1727620248	2086	eval_results/round_trip_phase_prompt_go2_matterport_vision_loco_2024-09-25_23-22-02_policy_v2_active50_icp_yaw_matched50_20260820_ep656/icp_replay_dataset
1419523117	1632	eval_results/round_trip_phase_prompt_go2_matterport_vision_loco_2024-09-25_23-22-02_policy_v2_active50_icp_yaw_matched50_20260820_ep658/icp_replay_dataset
1508922324	1753	eval_results/round_trip_phase_prompt_go2_matterport_vision_loco_2024-09-25_23-22-02_policy_v2_active50_icp_yaw_matched50_20260820_ep669/icp_replay_dataset
5168741209	5878	eval_results/round_trip_phase_prompt_go2_matterport_vision_loco_2024-09-25_23-22-02_policy_v2_active50_icp_yaw_matched50_20260820_ep670/icp_replay_dataset
1508761950	1753	eval_results/round_trip_phase_prompt_go2_matterport_vision_loco_2024-09-25_23-22-02_policy_v2_active50_icp_yaw_matched50_20260820_ep671/icp_replay_dataset
678299343	730	eval_results/round_trip_phase_prompt_go2_matterport_vision_loco_2024-09-25_23-22-02_policy_v2_active50_icp_yaw_matched50_20260820_ep688/icp_replay_dataset
983276619	1094	eval_results/round_trip_phase_prompt_go2_matterport_vision_loco_2024-09-25_23-22-02_policy_v2_active50_icp_yaw_matched50_20260820_ep696/icp_replay_dataset
659957111	702	eval_results/round_trip_phase_prompt_go2_matterport_vision_loco_2024-09-25_23-22-02_policy_v2_active50_icp_yaw_matched50_20260820_ep783/icp_replay_dataset
438864486	462	eval_results/round_trip_phase_prompt_go2_matterport_vision_loco_2024-09-25_23-22-02_policy_v2_active50_icp_yaw_matched50_20260820_ep784/icp_replay_dataset
630452589	672	eval_results/round_trip_phase_prompt_go2_matterport_vision_loco_2024-09-25_23-22-02_policy_v2_active50_icp_yaw_matched50_20260820_ep785/icp_replay_dataset
2369364617	2716	eval_results/round_trip_phase_prompt_go2_matterport_vision_loco_2024-09-25_23-22-02_policy_v2_active50_icp_yaw_matched50_20260820_ep806/icp_replay_dataset
1758097061	2019	eval_results/round_trip_phase_prompt_go2_matterport_vision_loco_2024-09-25_23-22-02_policy_v2_active50_icp_yaw_matched50_20260820_ep813/icp_replay_dataset
1023501906	1150	eval_results/round_trip_phase_prompt_go2_matterport_vision_loco_2024-09-25_23-22-02_policy_v2_active50_icp_yaw_matched50_20260820_ep815/icp_replay_dataset
2424776057	2680	eval_results/round_trip_phase_prompt_go2_matterport_vision_loco_2024-09-25_23-22-02_policy_v2_active50_icp_yaw_matched50_20260820_ep844/icp_replay_dataset
988536879	1157	eval_results/round_trip_phase_prompt_go2_matterport_vision_loco_2024-09-25_23-22-02_policy_v2_active50_icp_yaw_matched50_20260820_ep86/icp_replay_dataset
1073979817	1215	eval_results/round_trip_phase_prompt_go2_matterport_vision_loco_2024-09-25_23-22-02_policy_v2_active50_icp_yaw_matched50_20260820_ep888/icp_replay_dataset
3487643019	4002	eval_results/round_trip_phase_prompt_go2_matterport_vision_loco_2024-09-25_23-22-02_policy_v2_active50_icp_yaw_matched50_20260820_ep889/icp_replay_dataset
1388924152	1481	eval_results/round_trip_phase_prompt_go2_matterport_vision_loco_2024-09-25_23-22-02_policy_v2_active50_icp_yaw_matched50_20260820_ep88/icp_replay_dataset
1687267659	1684	eval_results/round_trip_phase_prompt_go2_matterport_vision_loco_2024-09-25_23-22-02_policy_v2_active50_icp_yaw_matched50_20260820_ep89/icp_replay_dataset
5092150783	5949	eval_results/round_trip_phase_prompt_go2_matterport_vision_loco_2024-09-25_23-22-02_policy_v2_active50_icp_yaw_matched50_20260820_ep95/icp_replay_dataset
1510828096	1752	eval_results/round_trip_phase_prompt_go2_matterport_vision_loco_2024-09-25_23-22-02_policy_v2_active50_icp_yaw_matched50_20260820_ep961/icp_replay_dataset
1676958351	1932	eval_results/round_trip_phase_prompt_go2_matterport_vision_loco_2024-09-25_23-22-02_policy_v2_active50_no_oracle_yaw_kdtree_matched50_20260819_ep1004/icp_replay_dataset
1094892853	1185	eval_results/round_trip_phase_prompt_go2_matterport_vision_loco_2024-09-25_23-22-02_policy_v2_active50_no_oracle_yaw_kdtree_matched50_20260819_ep1038/icp_replay_dataset
1318274945	1457	eval_results/round_trip_phase_prompt_go2_matterport_vision_loco_2024-09-25_23-22-02_policy_v2_active50_no_oracle_yaw_kdtree_matched50_20260819_ep1062/icp_replay_dataset
1249159739	1455	eval_results/round_trip_phase_prompt_go2_matterport_vision_loco_2024-09-25_23-22-02_policy_v2_active50_no_oracle_yaw_kdtree_matched50_20260819_ep189/icp_replay_dataset
2017264471	2267	eval_results/round_trip_phase_prompt_go2_matterport_vision_loco_2024-09-25_23-22-02_policy_v2_active50_no_oracle_yaw_kdtree_matched50_20260819_ep205/icp_replay_dataset
569606135	642	eval_results/round_trip_phase_prompt_go2_matterport_vision_loco_2024-09-25_23-22-02_policy_v2_active50_no_oracle_yaw_kdtree_matched50_20260819_ep20/icp_replay_dataset
1461307659	1789	eval_results/round_trip_phase_prompt_go2_matterport_vision_loco_2024-09-25_23-22-02_policy_v2_active50_no_oracle_yaw_kdtree_matched50_20260819_ep264/icp_replay_dataset
1756420665	2059	eval_results/round_trip_phase_prompt_go2_matterport_vision_loco_2024-09-25_23-22-02_policy_v2_active50_no_oracle_yaw_kdtree_matched50_20260819_ep268/icp_replay_dataset
1821225919	2152	eval_results/round_trip_phase_prompt_go2_matterport_vision_loco_2024-09-25_23-22-02_policy_v2_active50_no_oracle_yaw_kdtree_matched50_20260819_ep271/icp_replay_dataset
2856324546	3256	eval_results/round_trip_phase_prompt_go2_matterport_vision_loco_2024-09-25_23-22-02_policy_v2_active50_no_oracle_yaw_kdtree_matched50_20260819_ep310/icp_replay_dataset
1598702338	1720	eval_results/round_trip_phase_prompt_go2_matterport_vision_loco_2024-09-25_23-22-02_policy_v2_active50_no_oracle_yaw_kdtree_matched50_20260819_ep319/icp_replay_dataset
642393095	737	eval_results/round_trip_phase_prompt_go2_matterport_vision_loco_2024-09-25_23-22-02_policy_v2_active50_no_oracle_yaw_kdtree_matched50_20260819_ep324/icp_replay_dataset
2636580253	3233	eval_results/round_trip_phase_prompt_go2_matterport_vision_loco_2024-09-25_23-22-02_policy_v2_active50_no_oracle_yaw_kdtree_matched50_20260819_ep351/icp_replay_dataset
1856306755	2117	eval_results/round_trip_phase_prompt_go2_matterport_vision_loco_2024-09-25_23-22-02_policy_v2_active50_no_oracle_yaw_kdtree_matched50_20260819_ep366/icp_replay_dataset
4258673333	4966	eval_results/round_trip_phase_prompt_go2_matterport_vision_loco_2024-09-25_23-22-02_policy_v2_active50_no_oracle_yaw_kdtree_matched50_20260819_ep367/icp_replay_dataset
2531765704	2837	eval_results/round_trip_phase_prompt_go2_matterport_vision_loco_2024-09-25_23-22-02_policy_v2_active50_no_oracle_yaw_kdtree_matched50_20260819_ep470/icp_replay_dataset
5823211526	6014	eval_results/round_trip_phase_prompt_go2_matterport_vision_loco_2024-09-25_23-22-02_policy_v2_active50_no_oracle_yaw_kdtree_matched50_20260819_ep479/icp_replay_dataset
4813670624	5773	eval_results/round_trip_phase_prompt_go2_matterport_vision_loco_2024-09-25_23-22-02_policy_v2_active50_no_oracle_yaw_kdtree_matched50_20260819_ep484/icp_replay_dataset
3680393991	4366	eval_results/round_trip_phase_prompt_go2_matterport_vision_loco_2024-09-25_23-22-02_policy_v2_active50_no_oracle_yaw_kdtree_matched50_20260819_ep490/icp_replay_dataset
1499083150	1782	eval_results/round_trip_phase_prompt_go2_matterport_vision_loco_2024-09-25_23-22-02_policy_v2_active50_no_oracle_yaw_kdtree_matched50_20260819_ep517/icp_replay_dataset
3113602701	3586	eval_results/round_trip_phase_prompt_go2_matterport_vision_loco_2024-09-25_23-22-02_policy_v2_active50_no_oracle_yaw_kdtree_matched50_20260819_ep534/icp_replay_dataset
1159001598	1304	eval_results/round_trip_phase_prompt_go2_matterport_vision_loco_2024-09-25_23-22-02_policy_v2_active50_no_oracle_yaw_kdtree_matched50_20260819_ep539/icp_replay_dataset
4710539267	5383	eval_results/round_trip_phase_prompt_go2_matterport_vision_loco_2024-09-25_23-22-02_policy_v2_active50_no_oracle_yaw_kdtree_matched50_20260819_ep555/icp_replay_dataset
2210590013	2570	eval_results/round_trip_phase_prompt_go2_matterport_vision_loco_2024-09-25_23-22-02_policy_v2_active50_no_oracle_yaw_kdtree_matched50_20260819_ep579/icp_replay_dataset
4022414359	4762	eval_results/round_trip_phase_prompt_go2_matterport_vision_loco_2024-09-25_23-22-02_policy_v2_active50_no_oracle_yaw_kdtree_matched50_20260819_ep581/icp_replay_dataset
3219934649	3425	eval_results/round_trip_phase_prompt_go2_matterport_vision_loco_2024-09-25_23-22-02_policy_v2_active50_no_oracle_yaw_kdtree_matched50_20260819_ep5/icp_replay_dataset
2993604816	3403	eval_results/round_trip_phase_prompt_go2_matterport_vision_loco_2024-09-25_23-22-02_policy_v2_active50_no_oracle_yaw_kdtree_matched50_20260819_ep646/icp_replay_dataset
1577092313	1876	eval_results/round_trip_phase_prompt_go2_matterport_vision_loco_2024-09-25_23-22-02_policy_v2_active50_no_oracle_yaw_kdtree_matched50_20260819_ep656/icp_replay_dataset
1070978655	1183	eval_results/round_trip_phase_prompt_go2_matterport_vision_loco_2024-09-25_23-22-02_policy_v2_active50_no_oracle_yaw_kdtree_matched50_20260819_ep658/icp_replay_dataset
1420091386	1603	eval_results/round_trip_phase_prompt_go2_matterport_vision_loco_2024-09-25_23-22-02_policy_v2_active50_no_oracle_yaw_kdtree_matched50_20260819_ep669/icp_replay_dataset
1243819096	1424	eval_results/round_trip_phase_prompt_go2_matterport_vision_loco_2024-09-25_23-22-02_policy_v2_active50_no_oracle_yaw_kdtree_matched50_20260819_ep670/icp_replay_dataset
1420091166	1603	eval_results/round_trip_phase_prompt_go2_matterport_vision_loco_2024-09-25_23-22-02_policy_v2_active50_no_oracle_yaw_kdtree_matched50_20260819_ep671/icp_replay_dataset
819940014	880	eval_results/round_trip_phase_prompt_go2_matterport_vision_loco_2024-09-25_23-22-02_policy_v2_active50_no_oracle_yaw_kdtree_matched50_20260819_ep688/icp_replay_dataset
1815260816	2025	eval_results/round_trip_phase_prompt_go2_matterport_vision_loco_2024-09-25_23-22-02_policy_v2_active50_no_oracle_yaw_kdtree_matched50_20260819_ep696/icp_replay_dataset
660769645	702	eval_results/round_trip_phase_prompt_go2_matterport_vision_loco_2024-09-25_23-22-02_policy_v2_active50_no_oracle_yaw_kdtree_matched50_20260819_ep783/icp_replay_dataset
1545402701	1693	eval_results/round_trip_phase_prompt_go2_matterport_vision_loco_2024-09-25_23-22-02_policy_v2_active50_no_oracle_yaw_kdtree_matched50_20260819_ep784/icp_replay_dataset
722450224	763	eval_results/round_trip_phase_prompt_go2_matterport_vision_loco_2024-09-25_23-22-02_policy_v2_active50_no_oracle_yaw_kdtree_matched50_20260819_ep785/icp_replay_dataset
1673825361	1846	eval_results/round_trip_phase_prompt_go2_matterport_vision_loco_2024-09-25_23-22-02_policy_v2_active50_no_oracle_yaw_kdtree_matched50_20260819_ep806/icp_replay_dataset
1842576260	2110	eval_results/round_trip_phase_prompt_go2_matterport_vision_loco_2024-09-25_23-22-02_policy_v2_active50_no_oracle_yaw_kdtree_matched50_20260819_ep813/icp_replay_dataset
697621262	791	eval_results/round_trip_phase_prompt_go2_matterport_vision_loco_2024-09-25_23-22-02_policy_v2_active50_no_oracle_yaw_kdtree_matched50_20260819_ep815/icp_replay_dataset
3571764133	3910	eval_results/round_trip_phase_prompt_go2_matterport_vision_loco_2024-09-25_23-22-02_policy_v2_active50_no_oracle_yaw_kdtree_matched50_20260819_ep844/icp_replay_dataset
1089063736	1275	eval_results/round_trip_phase_prompt_go2_matterport_vision_loco_2024-09-25_23-22-02_policy_v2_active50_no_oracle_yaw_kdtree_matched50_20260819_ep86/icp_replay_dataset
1352388462	1545	eval_results/round_trip_phase_prompt_go2_matterport_vision_loco_2024-09-25_23-22-02_policy_v2_active50_no_oracle_yaw_kdtree_matched50_20260819_ep888/icp_replay_dataset
2159816489	2425	eval_results/round_trip_phase_prompt_go2_matterport_vision_loco_2024-09-25_23-22-02_policy_v2_active50_no_oracle_yaw_kdtree_matched50_20260819_ep889/icp_replay_dataset
2520082499	2650	eval_results/round_trip_phase_prompt_go2_matterport_vision_loco_2024-09-25_23-22-02_policy_v2_active50_no_oracle_yaw_kdtree_matched50_20260819_ep88/icp_replay_dataset
211765021	206	eval_results/round_trip_phase_prompt_go2_matterport_vision_loco_2024-09-25_23-22-02_policy_v2_active50_no_oracle_yaw_kdtree_matched50_20260819_ep89/icp_replay_dataset
1384524385	1580	eval_results/round_trip_phase_prompt_go2_matterport_vision_loco_2024-09-25_23-22-02_policy_v2_active50_no_oracle_yaw_kdtree_matched50_20260819_ep95/icp_replay_dataset
1709751226	1992	eval_results/round_trip_phase_prompt_go2_matterport_vision_loco_2024-09-25_23-22-02_policy_v2_active50_no_oracle_yaw_kdtree_matched50_20260819_ep961/icp_replay_dataset
1275492588	1483	eval_results/round_trip_phase_prompt_go2_matterport_vision_loco_2024-09-25_23-22-02_policy_v2_active50_no_oracle_yaw_kdtree_matched50_20260819_ep962/icp_replay_dataset
1422024677	1685	eval_results/round_trip_phase_prompt_go2_matterport_vision_loco_2024-09-25_23-22-02_policy_v2_active50_oracle_yaw_kdtree_matched50_20260820_ep1004/icp_replay_dataset
1321293967	1426	eval_results/round_trip_phase_prompt_go2_matterport_vision_loco_2024-09-25_23-22-02_policy_v2_active50_oracle_yaw_kdtree_matched50_20260820_ep1038/icp_replay_dataset
1964397702	2177	eval_results/round_trip_phase_prompt_go2_matterport_vision_loco_2024-09-25_23-22-02_policy_v2_active50_oracle_yaw_kdtree_matched50_20260820_ep1062/icp_replay_dataset
1628264777	1815	eval_results/round_trip_phase_prompt_go2_matterport_vision_loco_2024-09-25_23-22-02_policy_v2_active50_oracle_yaw_kdtree_matched50_20260820_ep189/icp_replay_dataset
2035490153	2297	eval_results/round_trip_phase_prompt_go2_matterport_vision_loco_2024-09-25_23-22-02_policy_v2_active50_oracle_yaw_kdtree_matched50_20260820_ep205/icp_replay_dataset
418263053	462	eval_results/round_trip_phase_prompt_go2_matterport_vision_loco_2024-09-25_23-22-02_policy_v2_active50_oracle_yaw_kdtree_matched50_20260820_ep20/icp_replay_dataset
1262805176	1531	eval_results/round_trip_phase_prompt_go2_matterport_vision_loco_2024-09-25_23-22-02_policy_v2_active50_oracle_yaw_kdtree_matched50_20260820_ep264/icp_replay_dataset
2904985344	3409	eval_results/round_trip_phase_prompt_go2_matterport_vision_loco_2024-09-25_23-22-02_policy_v2_active50_oracle_yaw_kdtree_matched50_20260820_ep268/icp_replay_dataset
1620676561	1910	eval_results/round_trip_phase_prompt_go2_matterport_vision_loco_2024-09-25_23-22-02_policy_v2_active50_oracle_yaw_kdtree_matched50_20260820_ep271/icp_replay_dataset
1891786163	2207	eval_results/round_trip_phase_prompt_go2_matterport_vision_loco_2024-09-25_23-22-02_policy_v2_active50_oracle_yaw_kdtree_matched50_20260820_ep310/icp_replay_dataset
1486707501	1600	eval_results/round_trip_phase_prompt_go2_matterport_vision_loco_2024-09-25_23-22-02_policy_v2_active50_oracle_yaw_kdtree_matched50_20260820_ep319/icp_replay_dataset
597633198	677	eval_results/round_trip_phase_prompt_go2_matterport_vision_loco_2024-09-25_23-22-02_policy_v2_active50_oracle_yaw_kdtree_matched50_20260820_ep324/icp_replay_dataset
2199391371	2633	eval_results/round_trip_phase_prompt_go2_matterport_vision_loco_2024-09-25_23-22-02_policy_v2_active50_oracle_yaw_kdtree_matched50_20260820_ep351/icp_replay_dataset
1048281793	1187	eval_results/round_trip_phase_prompt_go2_matterport_vision_loco_2024-09-25_23-22-02_policy_v2_active50_oracle_yaw_kdtree_matched50_20260820_ep366/icp_replay_dataset
5245364411	6016	eval_results/round_trip_phase_prompt_go2_matterport_vision_loco_2024-09-25_23-22-02_policy_v2_active50_oracle_yaw_kdtree_matched50_20260820_ep367/icp_replay_dataset
1488470377	1637	eval_results/round_trip_phase_prompt_go2_matterport_vision_loco_2024-09-25_23-22-02_policy_v2_active50_oracle_yaw_kdtree_matched50_20260820_ep470/icp_replay_dataset
1396702578	1514	eval_results/round_trip_phase_prompt_go2_matterport_vision_loco_2024-09-25_23-22-02_policy_v2_active50_oracle_yaw_kdtree_matched50_20260820_ep479/icp_replay_dataset
1377601282	1609	eval_results/round_trip_phase_prompt_go2_matterport_vision_loco_2024-09-25_23-22-02_policy_v2_active50_oracle_yaw_kdtree_matched50_20260820_ep484/icp_replay_dataset
5213223127	6016	eval_results/round_trip_phase_prompt_go2_matterport_vision_loco_2024-09-25_23-22-02_policy_v2_active50_oracle_yaw_kdtree_matched50_20260820_ep490/icp_replay_dataset
1360573820	1632	eval_results/round_trip_phase_prompt_go2_matterport_vision_loco_2024-09-25_23-22-02_policy_v2_active50_oracle_yaw_kdtree_matched50_20260820_ep517/icp_replay_dataset
2569860927	3016	eval_results/round_trip_phase_prompt_go2_matterport_vision_loco_2024-09-25_23-22-02_policy_v2_active50_oracle_yaw_kdtree_matched50_20260820_ep534/icp_replay_dataset
1838453925	2084	eval_results/round_trip_phase_prompt_go2_matterport_vision_loco_2024-09-25_23-22-02_policy_v2_active50_oracle_yaw_kdtree_matched50_20260820_ep539/icp_replay_dataset
4287801912	4814	eval_results/round_trip_phase_prompt_go2_matterport_vision_loco_2024-09-25_23-22-02_policy_v2_active50_oracle_yaw_kdtree_matched50_20260820_ep555/icp_replay_dataset
1841096281	2120	eval_results/round_trip_phase_prompt_go2_matterport_vision_loco_2024-09-25_23-22-02_policy_v2_active50_oracle_yaw_kdtree_matched50_20260820_ep579/icp_replay_dataset
2127433143	2452	eval_results/round_trip_phase_prompt_go2_matterport_vision_loco_2024-09-25_23-22-02_policy_v2_active50_oracle_yaw_kdtree_matched50_20260820_ep581/icp_replay_dataset
1767916638	2027	eval_results/round_trip_phase_prompt_go2_matterport_vision_loco_2024-09-25_23-22-02_policy_v2_active50_oracle_yaw_kdtree_matched50_20260820_ep5/icp_replay_dataset
2428015175	2803	eval_results/round_trip_phase_prompt_go2_matterport_vision_loco_2024-09-25_23-22-02_policy_v2_active50_oracle_yaw_kdtree_matched50_20260820_ep646/icp_replay_dataset
2271807496	2592	eval_results/round_trip_phase_prompt_go2_matterport_vision_loco_2024-09-25_23-22-02_policy_v2_active50_oracle_yaw_kdtree_matched50_20260820_ep647/icp_replay_dataset
2735075189	3286	eval_results/round_trip_phase_prompt_go2_matterport_vision_loco_2024-09-25_23-22-02_policy_v2_active50_oracle_yaw_kdtree_matched50_20260820_ep656/icp_replay_dataset
1801092179	1993	eval_results/round_trip_phase_prompt_go2_matterport_vision_loco_2024-09-25_23-22-02_policy_v2_active50_oracle_yaw_kdtree_matched50_20260820_ep658/icp_replay_dataset
5012447059	6013	eval_results/round_trip_phase_prompt_go2_matterport_vision_loco_2024-09-25_23-22-02_policy_v2_active50_oracle_yaw_kdtree_matched50_20260820_ep669/icp_replay_dataset
2238746463	2654	eval_results/round_trip_phase_prompt_go2_matterport_vision_loco_2024-09-25_23-22-02_policy_v2_active50_oracle_yaw_kdtree_matched50_20260820_ep670/icp_replay_dataset
1753767433	1993	eval_results/round_trip_phase_prompt_go2_matterport_vision_loco_2024-09-25_23-22-02_policy_v2_active50_oracle_yaw_kdtree_matched50_20260820_ep671/icp_replay_dataset
843163879	910	eval_results/round_trip_phase_prompt_go2_matterport_vision_loco_2024-09-25_23-22-02_policy_v2_active50_oracle_yaw_kdtree_matched50_20260820_ep688/icp_replay_dataset
1013861487	1125	eval_results/round_trip_phase_prompt_go2_matterport_vision_loco_2024-09-25_23-22-02_policy_v2_active50_oracle_yaw_kdtree_matched50_20260820_ep696/icp_replay_dataset
632846189	673	eval_results/round_trip_phase_prompt_go2_matterport_vision_loco_2024-09-25_23-22-02_policy_v2_active50_oracle_yaw_kdtree_matched50_20260820_ep783/icp_replay_dataset
469771613	493	eval_results/round_trip_phase_prompt_go2_matterport_vision_loco_2024-09-25_23-22-02_policy_v2_active50_oracle_yaw_kdtree_matched50_20260820_ep784/icp_replay_dataset
580564324	613	eval_results/round_trip_phase_prompt_go2_matterport_vision_loco_2024-09-25_23-22-02_policy_v2_active50_oracle_yaw_kdtree_matched50_20260820_ep785/icp_replay_dataset
1806596975	1996	eval_results/round_trip_phase_prompt_go2_matterport_vision_loco_2024-09-25_23-22-02_policy_v2_active50_oracle_yaw_kdtree_matched50_20260820_ep806/icp_replay_dataset
1578394058	1810	eval_results/round_trip_phase_prompt_go2_matterport_vision_loco_2024-09-25_23-22-02_policy_v2_active50_oracle_yaw_kdtree_matched50_20260820_ep813/icp_replay_dataset
732137211	820	eval_results/round_trip_phase_prompt_go2_matterport_vision_loco_2024-09-25_23-22-02_policy_v2_active50_oracle_yaw_kdtree_matched50_20260820_ep815/icp_replay_dataset
1083365207	1275	eval_results/round_trip_phase_prompt_go2_matterport_vision_loco_2024-09-25_23-22-02_policy_v2_active50_oracle_yaw_kdtree_matched50_20260820_ep86/icp_replay_dataset
1322344395	1484	eval_results/round_trip_phase_prompt_go2_matterport_vision_loco_2024-09-25_23-22-02_policy_v2_active50_oracle_yaw_kdtree_matched50_20260820_ep888/icp_replay_dataset
1448199805	1635	eval_results/round_trip_phase_prompt_go2_matterport_vision_loco_2024-09-25_23-22-02_policy_v2_active50_oracle_yaw_kdtree_matched50_20260820_ep889/icp_replay_dataset
1165659546	1242	eval_results/round_trip_phase_prompt_go2_matterport_vision_loco_2024-09-25_23-22-02_policy_v2_active50_oracle_yaw_kdtree_matched50_20260820_ep88/icp_replay_dataset
5856136516	6009	eval_results/round_trip_phase_prompt_go2_matterport_vision_loco_2024-09-25_23-22-02_policy_v2_active50_oracle_yaw_kdtree_matched50_20260820_ep89/icp_replay_dataset
1235451580	1401	eval_results/round_trip_phase_prompt_go2_matterport_vision_loco_2024-09-25_23-22-02_policy_v2_active50_oracle_yaw_kdtree_matched50_20260820_ep95/icp_replay_dataset
4977792725	6014	eval_results/round_trip_phase_prompt_go2_matterport_vision_loco_2024-09-25_23-22-02_policy_v2_active50_replay_on_highsuccess100ep_20260816_ep1002/icp_replay_dataset
2191493195	2621	eval_results/round_trip_phase_prompt_go2_matterport_vision_loco_2024-09-25_23-22-02_policy_v2_active50_replay_on_highsuccess100ep_20260816_ep1003/icp_replay_dataset
507184233	574	eval_results/round_trip_phase_prompt_go2_matterport_vision_loco_2024-09-25_23-22-02_policy_v2_active50_replay_on_highsuccess100ep_20260816_ep1004/icp_replay_dataset
1667911929	1935	eval_results/round_trip_phase_prompt_go2_matterport_vision_loco_2024-09-25_23-22-02_policy_v2_active50_replay_on_highsuccess100ep_20260816_ep1038/icp_replay_dataset
1848318528	2080	eval_results/round_trip_phase_prompt_go2_matterport_vision_loco_2024-09-25_23-22-02_policy_v2_active50_replay_on_highsuccess100ep_20260816_ep1040/icp_replay_dataset
1661008572	1847	eval_results/round_trip_phase_prompt_go2_matterport_vision_loco_2024-09-25_23-22-02_policy_v2_active50_replay_on_highsuccess100ep_20260816_ep1062/icp_replay_dataset
1628250420	1815	eval_results/round_trip_phase_prompt_go2_matterport_vision_loco_2024-09-25_23-22-02_policy_v2_active50_replay_on_highsuccess100ep_20260816_ep189/icp_replay_dataset
2624779190	2904	eval_results/round_trip_phase_prompt_go2_matterport_vision_loco_2024-09-25_23-22-02_policy_v2_active50_replay_on_highsuccess100ep_20260816_ep18/icp_replay_dataset
496409190	548	eval_results/round_trip_phase_prompt_go2_matterport_vision_loco_2024-09-25_23-22-02_policy_v2_active50_replay_on_highsuccess100ep_20260816_ep19/icp_replay_dataset
1929485812	2267	eval_results/round_trip_phase_prompt_go2_matterport_vision_loco_2024-09-25_23-22-02_policy_v2_active50_replay_on_highsuccess100ep_20260816_ep205/icp_replay_dataset
464567494	513	eval_results/round_trip_phase_prompt_go2_matterport_vision_loco_2024-09-25_23-22-02_policy_v2_active50_replay_on_highsuccess100ep_20260816_ep20/icp_replay_dataset
1944086871	2208	eval_results/round_trip_phase_prompt_go2_matterport_vision_loco_2024-09-25_23-22-02_policy_v2_active50_replay_on_highsuccess100ep_20260816_ep226/icp_replay_dataset
2209734483	2535	eval_results/round_trip_phase_prompt_go2_matterport_vision_loco_2024-09-25_23-22-02_policy_v2_active50_replay_on_highsuccess100ep_20260816_ep228/icp_replay_dataset
743504886	762	eval_results/round_trip_phase_prompt_go2_matterport_vision_loco_2024-09-25_23-22-02_policy_v2_active50_replay_on_highsuccess100ep_20260816_ep233/icp_replay_dataset
888992460	1069	eval_results/round_trip_phase_prompt_go2_matterport_vision_loco_2024-09-25_23-22-02_policy_v2_active50_replay_on_highsuccess100ep_20260816_ep264/icp_replay_dataset
932707699	1123	eval_results/round_trip_phase_prompt_go2_matterport_vision_loco_2024-09-25_23-22-02_policy_v2_active50_replay_on_highsuccess100ep_20260816_ep266/icp_replay_dataset
1806191173	2149	eval_results/round_trip_phase_prompt_go2_matterport_vision_loco_2024-09-25_23-22-02_policy_v2_active50_replay_on_highsuccess100ep_20260816_ep268/icp_replay_dataset
1111146374	1312	eval_results/round_trip_phase_prompt_go2_matterport_vision_loco_2024-09-25_23-22-02_policy_v2_active50_replay_on_highsuccess100ep_20260816_ep271/icp_replay_dataset
2376544116	2727	eval_results/round_trip_phase_prompt_go2_matterport_vision_loco_2024-09-25_23-22-02_policy_v2_active50_replay_on_highsuccess100ep_20260816_ep291/icp_replay_dataset
4648437868	6018	eval_results/round_trip_phase_prompt_go2_matterport_vision_loco_2024-09-25_23-22-02_policy_v2_active50_replay_on_highsuccess100ep_20260816_ep295/icp_replay_dataset
5982272840	6013	eval_results/round_trip_phase_prompt_go2_matterport_vision_loco_2024-09-25_23-22-02_policy_v2_active50_replay_on_highsuccess100ep_20260816_ep304/icp_replay_dataset
2032138281	2386	eval_results/round_trip_phase_prompt_go2_matterport_vision_loco_2024-09-25_23-22-02_policy_v2_active50_replay_on_highsuccess100ep_20260816_ep310/icp_replay_dataset
5771592504	6010	eval_results/round_trip_phase_prompt_go2_matterport_vision_loco_2024-09-25_23-22-02_policy_v2_active50_replay_on_highsuccess100ep_20260816_ep319/icp_replay_dataset
688424178	797	eval_results/round_trip_phase_prompt_go2_matterport_vision_loco_2024-09-25_23-22-02_policy_v2_active50_replay_on_highsuccess100ep_20260816_ep324/icp_replay_dataset
4920326006	6017	eval_results/round_trip_phase_prompt_go2_matterport_vision_loco_2024-09-25_23-22-02_policy_v2_active50_replay_on_highsuccess100ep_20260816_ep344/icp_replay_dataset
1940917204	2452	eval_results/round_trip_phase_prompt_go2_matterport_vision_loco_2024-09-25_23-22-02_policy_v2_active50_replay_on_highsuccess100ep_20260816_ep351/icp_replay_dataset
1855954830	2270	eval_results/round_trip_phase_prompt_go2_matterport_vision_loco_2024-09-25_23-22-02_policy_v2_active50_replay_on_highsuccess100ep_20260816_ep353/icp_replay_dataset
1709248165	1884	eval_results/round_trip_phase_prompt_go2_matterport_vision_loco_2024-09-25_23-22-02_policy_v2_active50_replay_on_highsuccess100ep_20260816_ep355/icp_replay_dataset
5326925634	6018	eval_results/round_trip_phase_prompt_go2_matterport_vision_loco_2024-09-25_23-22-02_policy_v2_active50_replay_on_highsuccess100ep_20260816_ep366/icp_replay_dataset
3156008942	3646	eval_results/round_trip_phase_prompt_go2_matterport_vision_loco_2024-09-25_23-22-02_policy_v2_active50_replay_on_highsuccess100ep_20260816_ep367/icp_replay_dataset
5048779933	6016	eval_results/round_trip_phase_prompt_go2_matterport_vision_loco_2024-09-25_23-22-02_policy_v2_active50_replay_on_highsuccess100ep_20260816_ep368/icp_replay_dataset
1331995699	1572	eval_results/round_trip_phase_prompt_go2_matterport_vision_loco_2024-09-25_23-22-02_policy_v2_active50_replay_on_highsuccess100ep_20260816_ep376/icp_replay_dataset
1422922067	1571	eval_results/round_trip_phase_prompt_go2_matterport_vision_loco_2024-09-25_23-22-02_policy_v2_active50_replay_on_highsuccess100ep_20260816_ep426/icp_replay_dataset
4183036802	4421	eval_results/round_trip_phase_prompt_go2_matterport_vision_loco_2024-09-25_23-22-02_policy_v2_active50_replay_on_highsuccess100ep_20260816_ep427/icp_replay_dataset
5241258769	6011	eval_results/round_trip_phase_prompt_go2_matterport_vision_loco_2024-09-25_23-22-02_policy_v2_active50_replay_on_highsuccess100ep_20260816_ep428/icp_replay_dataset
2362707642	2713	eval_results/round_trip_phase_prompt_go2_matterport_vision_loco_2024-09-25_23-22-02_policy_v2_active50_replay_on_highsuccess100ep_20260816_ep463/icp_replay_dataset
1471951803	1619	eval_results/round_trip_phase_prompt_go2_matterport_vision_loco_2024-09-25_23-22-02_policy_v2_active50_replay_on_highsuccess100ep_20260816_ep470/icp_replay_dataset
2692239364	2921	eval_results/round_trip_phase_prompt_go2_matterport_vision_loco_2024-09-25_23-22-02_policy_v2_active50_replay_on_highsuccess100ep_20260816_ep476/icp_replay_dataset
1408588377	1453	eval_results/round_trip_phase_prompt_go2_matterport_vision_loco_2024-09-25_23-22-02_policy_v2_active50_replay_on_highsuccess100ep_20260816_ep479/icp_replay_dataset
1362824765	1591	eval_results/round_trip_phase_prompt_go2_matterport_vision_loco_2024-09-25_23-22-02_policy_v2_active50_replay_on_highsuccess100ep_20260816_ep484/icp_replay_dataset
1819771961	2175	eval_results/round_trip_phase_prompt_go2_matterport_vision_loco_2024-09-25_23-22-02_policy_v2_active50_replay_on_highsuccess100ep_20260816_ep489/icp_replay_dataset
1513928538	1785	eval_results/round_trip_phase_prompt_go2_matterport_vision_loco_2024-09-25_23-22-02_policy_v2_active50_replay_on_highsuccess100ep_20260816_ep490/icp_replay_dataset
1786866971	2025	eval_results/round_trip_phase_prompt_go2_matterport_vision_loco_2024-09-25_23-22-02_policy_v2_active50_replay_on_highsuccess100ep_20260816_ep491/icp_replay_dataset
996959633	1153	eval_results/round_trip_phase_prompt_go2_matterport_vision_loco_2024-09-25_23-22-02_policy_v2_active50_replay_on_highsuccess100ep_20260816_ep498/icp_replay_dataset
1500335472	1620	eval_results/round_trip_phase_prompt_go2_matterport_vision_loco_2024-09-25_23-22-02_policy_v2_active50_replay_on_highsuccess100ep_20260816_ep4/icp_replay_dataset
1747247019	2081	eval_results/round_trip_phase_prompt_go2_matterport_vision_loco_2024-09-25_23-22-02_policy_v2_active50_replay_on_highsuccess100ep_20260816_ep517/icp_replay_dataset
1245178167	1456	eval_results/round_trip_phase_prompt_go2_matterport_vision_loco_2024-09-25_23-22-02_policy_v2_active50_replay_on_highsuccess100ep_20260816_ep534/icp_replay_dataset
1916433153	2174	eval_results/round_trip_phase_prompt_go2_matterport_vision_loco_2024-09-25_23-22-02_policy_v2_active50_replay_on_highsuccess100ep_20260816_ep539/icp_replay_dataset
2396099197	2714	eval_results/round_trip_phase_prompt_go2_matterport_vision_loco_2024-09-25_23-22-02_policy_v2_active50_replay_on_highsuccess100ep_20260816_ep555/icp_replay_dataset
4842029403	6016	eval_results/round_trip_phase_prompt_go2_matterport_vision_loco_2024-09-25_23-22-02_policy_v2_active50_replay_on_highsuccess100ep_20260816_ep566/icp_replay_dataset
2068361941	2390	eval_results/round_trip_phase_prompt_go2_matterport_vision_loco_2024-09-25_23-22-02_policy_v2_active50_replay_on_highsuccess100ep_20260816_ep579/icp_replay_dataset
2756237016	3172	eval_results/round_trip_phase_prompt_go2_matterport_vision_loco_2024-09-25_23-22-02_policy_v2_active50_replay_on_highsuccess100ep_20260816_ep581/icp_replay_dataset
3415693865	3916	eval_results/round_trip_phase_prompt_go2_matterport_vision_loco_2024-09-25_23-22-02_policy_v2_active50_replay_on_highsuccess100ep_20260816_ep5/icp_replay_dataset
289224420	339	eval_results/round_trip_phase_prompt_go2_matterport_vision_loco_2024-09-25_23-22-02_policy_v2_active50_replay_on_highsuccess100ep_20260816_ep621/icp_replay_dataset
798744678	882	eval_results/round_trip_phase_prompt_go2_matterport_vision_loco_2024-09-25_23-22-02_policy_v2_active50_replay_on_highsuccess100ep_20260816_ep645/icp_replay_dataset
2428031869	2803	eval_results/round_trip_phase_prompt_go2_matterport_vision_loco_2024-09-25_23-22-02_policy_v2_active50_replay_on_highsuccess100ep_20260816_ep646/icp_replay_dataset
748360992	852	eval_results/round_trip_phase_prompt_go2_matterport_vision_loco_2024-09-25_23-22-02_policy_v2_active50_replay_on_highsuccess100ep_20260816_ep647/icp_replay_dataset
2766040924	3413	eval_results/round_trip_phase_prompt_go2_matterport_vision_loco_2024-09-25_23-22-02_policy_v2_active50_replay_on_highsuccess100ep_20260816_ep653/icp_replay_dataset
1090010156	1306	eval_results/round_trip_phase_prompt_go2_matterport_vision_loco_2024-09-25_23-22-02_policy_v2_active50_replay_on_highsuccess100ep_20260816_ep656/icp_replay_dataset
1825749512	2023	eval_results/round_trip_phase_prompt_go2_matterport_vision_loco_2024-09-25_23-22-02_policy_v2_active50_replay_on_highsuccess100ep_20260816_ep658/icp_replay_dataset
1634907122	1843	eval_results/round_trip_phase_prompt_go2_matterport_vision_loco_2024-09-25_23-22-02_policy_v2_active50_replay_on_highsuccess100ep_20260816_ep669/icp_replay_dataset
4377727157	5084	eval_results/round_trip_phase_prompt_go2_matterport_vision_loco_2024-09-25_23-22-02_policy_v2_active50_replay_on_highsuccess100ep_20260816_ep670/icp_replay_dataset
1392389682	1663	eval_results/round_trip_phase_prompt_go2_matterport_vision_loco_2024-09-25_23-22-02_policy_v2_active50_replay_on_highsuccess100ep_20260816_ep671/icp_replay_dataset
1653953857	1850	eval_results/round_trip_phase_prompt_go2_matterport_vision_loco_2024-09-25_23-22-02_policy_v2_active50_replay_on_highsuccess100ep_20260816_ep679/icp_replay_dataset
2249091221	2661	eval_results/round_trip_phase_prompt_go2_matterport_vision_loco_2024-09-25_23-22-02_policy_v2_active50_replay_on_highsuccess100ep_20260816_ep680/icp_replay_dataset
674619543	729	eval_results/round_trip_phase_prompt_go2_matterport_vision_loco_2024-09-25_23-22-02_policy_v2_active50_replay_on_highsuccess100ep_20260816_ep687/icp_replay_dataset
708614251	790	eval_results/round_trip_phase_prompt_go2_matterport_vision_loco_2024-09-25_23-22-02_policy_v2_active50_replay_on_highsuccess100ep_20260816_ep688/icp_replay_dataset
3035835526	3405	eval_results/round_trip_phase_prompt_go2_matterport_vision_loco_2024-09-25_23-22-02_policy_v2_active50_replay_on_highsuccess100ep_20260816_ep696/icp_replay_dataset
4220886665	4934	eval_results/round_trip_phase_prompt_go2_matterport_vision_loco_2024-09-25_23-22-02_policy_v2_active50_replay_on_highsuccess100ep_20260816_ep705/icp_replay_dataset
1079093959	1246	eval_results/round_trip_phase_prompt_go2_matterport_vision_loco_2024-09-25_23-22-02_policy_v2_active50_replay_on_highsuccess100ep_20260816_ep733/icp_replay_dataset
580096749	613	eval_results/round_trip_phase_prompt_go2_matterport_vision_loco_2024-09-25_23-22-02_policy_v2_active50_replay_on_highsuccess100ep_20260816_ep783/icp_replay_dataset
2021028944	2203	eval_results/round_trip_phase_prompt_go2_matterport_vision_loco_2024-09-25_23-22-02_policy_v2_active50_replay_on_highsuccess100ep_20260816_ep784/icp_replay_dataset
3252317011	3523	eval_results/round_trip_phase_prompt_go2_matterport_vision_loco_2024-09-25_23-22-02_policy_v2_active50_replay_on_highsuccess100ep_20260816_ep785/icp_replay_dataset
1770901327	1936	eval_results/round_trip_phase_prompt_go2_matterport_vision_loco_2024-09-25_23-22-02_policy_v2_active50_replay_on_highsuccess100ep_20260816_ep806/icp_replay_dataset
1753733776	2020	eval_results/round_trip_phase_prompt_go2_matterport_vision_loco_2024-09-25_23-22-02_policy_v2_active50_replay_on_highsuccess100ep_20260816_ep813/icp_replay_dataset
5459435426	6011	eval_results/round_trip_phase_prompt_go2_matterport_vision_loco_2024-09-25_23-22-02_policy_v2_active50_replay_on_highsuccess100ep_20260816_ep814/icp_replay_dataset
906873834	1031	eval_results/round_trip_phase_prompt_go2_matterport_vision_loco_2024-09-25_23-22-02_policy_v2_active50_replay_on_highsuccess100ep_20260816_ep815/icp_replay_dataset
1861120778	2173	eval_results/round_trip_phase_prompt_go2_matterport_vision_loco_2024-09-25_23-22-02_policy_v2_active50_replay_on_highsuccess100ep_20260816_ep829/icp_replay_dataset
1130541369	1241	eval_results/round_trip_phase_prompt_go2_matterport_vision_loco_2024-09-25_23-22-02_policy_v2_active50_replay_on_highsuccess100ep_20260816_ep844/icp_replay_dataset
1274095763	1475	eval_results/round_trip_phase_prompt_go2_matterport_vision_loco_2024-09-25_23-22-02_policy_v2_active50_replay_on_highsuccess100ep_20260816_ep86/icp_replay_dataset
5331181536	6013	eval_results/round_trip_phase_prompt_go2_matterport_vision_loco_2024-09-25_23-22-02_policy_v2_active50_replay_on_highsuccess100ep_20260816_ep87/icp_replay_dataset
1280504800	1401	eval_results/round_trip_phase_prompt_go2_matterport_vision_loco_2024-09-25_23-22-02_policy_v2_active50_replay_on_highsuccess100ep_20260816_ep885/icp_replay_dataset
1363101706	1545	eval_results/round_trip_phase_prompt_go2_matterport_vision_loco_2024-09-25_23-22-02_policy_v2_active50_replay_on_highsuccess100ep_20260816_ep888/icp_replay_dataset
1395854880	1603	eval_results/round_trip_phase_prompt_go2_matterport_vision_loco_2024-09-25_23-22-02_policy_v2_active50_replay_on_highsuccess100ep_20260816_ep889/icp_replay_dataset
5349137301	6010	eval_results/round_trip_phase_prompt_go2_matterport_vision_loco_2024-09-25_23-22-02_policy_v2_active50_replay_on_highsuccess100ep_20260816_ep88/icp_replay_dataset
4770909514	6013	eval_results/round_trip_phase_prompt_go2_matterport_vision_loco_2024-09-25_23-22-02_policy_v2_active50_replay_on_highsuccess100ep_20260816_ep895/icp_replay_dataset
3430206855	3879	eval_results/round_trip_phase_prompt_go2_matterport_vision_loco_2024-09-25_23-22-02_policy_v2_active50_replay_on_highsuccess100ep_20260816_ep89/icp_replay_dataset
1932961454	2213	eval_results/round_trip_phase_prompt_go2_matterport_vision_loco_2024-09-25_23-22-02_policy_v2_active50_replay_on_highsuccess100ep_20260816_ep93/icp_replay_dataset
1235462824	1401	eval_results/round_trip_phase_prompt_go2_matterport_vision_loco_2024-09-25_23-22-02_policy_v2_active50_replay_on_highsuccess100ep_20260816_ep95/icp_replay_dataset
2081609329	2444	eval_results/round_trip_phase_prompt_go2_matterport_vision_loco_2024-09-25_23-22-02_policy_v2_active50_replay_on_highsuccess100ep_20260816_ep960/icp_replay_dataset
1484235514	1722	eval_results/round_trip_phase_prompt_go2_matterport_vision_loco_2024-09-25_23-22-02_policy_v2_active50_replay_on_highsuccess100ep_20260816_ep961/icp_replay_dataset
983275365	1154	eval_results/round_trip_phase_prompt_go2_matterport_vision_loco_2024-09-25_23-22-02_policy_v2_active50_replay_on_highsuccess100ep_20260816_ep962/icp_replay_dataset
1525597329	1719	eval_results/round_trip_phase_prompt_go2_matterport_vision_loco_2024-09-25_23-22-02_policy_v2_active50_replay_on_highsuccess100ep_20260816_ep97/icp_replay_dataset
2012197151	2511	eval_results/round_trip_phase_prompt_go2_matterport_vision_loco_2024-09-25_23-22-02_policy_v2_active50_replay_on_highsuccess100ep_20260816_ep993/icp_replay_dataset
2036367533	2511	eval_results/round_trip_phase_prompt_go2_matterport_vision_loco_2024-09-25_23-22-02_policy_v2_active50_replay_on_highsuccess100ep_20260816_ep994/icp_replay_dataset
3506541667	3722	eval_results/round_trip_phase_prompt_go2_matterport_vision_loco_2024-09-25_23-22-02_promotion_active_promote_30ep_20260731_ep134/icp_replay_dataset
685936767	751	eval_results/round_trip_phase_prompt_go2_matterport_vision_loco_2024-09-25_23-22-02_promotion_active_promote_30ep_20260731_ep187/icp_replay_dataset
1569291354	1757	eval_results/round_trip_phase_prompt_go2_matterport_vision_loco_2024-09-25_23-22-02_promotion_active_promote_30ep_20260731_ep205/icp_replay_dataset
1844855437	2179	eval_results/round_trip_phase_prompt_go2_matterport_vision_loco_2024-09-25_23-22-02_promotion_active_promote_30ep_20260731_ep268/icp_replay_dataset
1642145332	2009	eval_results/round_trip_phase_prompt_go2_matterport_vision_loco_2024-09-25_23-22-02_promotion_active_promote_30ep_20260731_ep295/icp_replay_dataset
3656551825	4047	eval_results/round_trip_phase_prompt_go2_matterport_vision_loco_2024-09-25_23-22-02_promotion_active_promote_30ep_20260731_ep367/icp_replay_dataset
992178138	1141	eval_results/round_trip_phase_prompt_go2_matterport_vision_loco_2024-09-25_23-22-02_promotion_active_promote_30ep_20260731_ep368/icp_replay_dataset
1852996789	2153	eval_results/round_trip_phase_prompt_go2_matterport_vision_loco_2024-09-25_23-22-02_promotion_active_promote_30ep_20260731_ep420/icp_replay_dataset
1765237529	2104	eval_results/round_trip_phase_prompt_go2_matterport_vision_loco_2024-09-25_23-22-02_promotion_active_promote_30ep_20260731_ep488/icp_replay_dataset
1219065010	1362	eval_results/round_trip_phase_prompt_go2_matterport_vision_loco_2024-09-25_23-22-02_promotion_active_promote_30ep_20260731_ep498/icp_replay_dataset
1355179185	1515	eval_results/round_trip_phase_prompt_go2_matterport_vision_loco_2024-09-25_23-22-02_promotion_active_promote_30ep_20260731_ep4/icp_replay_dataset
4165513952	4615	eval_results/round_trip_phase_prompt_go2_matterport_vision_loco_2024-09-25_23-22-02_promotion_active_promote_30ep_20260731_ep5/icp_replay_dataset
1481769091	1629	eval_results/round_trip_phase_prompt_go2_matterport_vision_loco_2024-09-25_23-22-02_promotion_active_promote_30ep_20260731_ep89/icp_replay_dataset
39561965	15	eval_results/round_trip_phase_prompt_go2_matterport_vision_loco_2024-09-25_23-22-02_promotion_quarantine_veto_30ep_20260801_ep205/icp_replay_dataset
1889644764	2240	eval_results/round_trip_phase_prompt_go2_matterport_vision_loco_2024-09-25_23-22-02_promotion_quarantine_veto_30ep_20260801_ep268/icp_replay_dataset
1421752721	1729	eval_results/round_trip_phase_prompt_go2_matterport_vision_loco_2024-09-25_23-22-02_promotion_quarantine_veto_30ep_20260801_ep295/icp_replay_dataset
5348589602	6017	eval_results/round_trip_phase_prompt_go2_matterport_vision_loco_2024-09-25_23-22-02_promotion_quarantine_veto_30ep_20260801_ep367/icp_replay_dataset
1331849252	1519	eval_results/round_trip_phase_prompt_go2_matterport_vision_loco_2024-09-25_23-22-02_promotion_quarantine_veto_30ep_20260801_ep368/icp_replay_dataset
1404955884	1576	eval_results/round_trip_phase_prompt_go2_matterport_vision_loco_2024-09-25_23-22-02_promotion_quarantine_veto_30ep_20260801_ep4/icp_replay_dataset
1842510111	2118	eval_results/round_trip_phase_prompt_go2_matterport_vision_loco_2024-09-25_23-22-02_promotion_quarantine_veto_30ep_20260801_ep5/icp_replay_dataset
3529126387	3859	eval_results/round_trip_phase_prompt_go2_matterport_vision_loco_2024-09-25_23-22-02_promotion_quarantine_veto_30ep_20260801_ep89/icp_replay_dataset
1326763880	1517	eval_results/round_trip_phase_prompt_go2_matterport_vision_loco_2024-09-25_23-22-02_promotion_quarantine_veto_30ep_20260801_resume11_ep368/icp_replay_dataset
2212469598	2634	eval_results/round_trip_phase_prompt_go2_matterport_vision_loco_2024-09-25_23-22-02_promotion_quarantine_veto_30ep_20260801_resume11_ep488/icp_replay_dataset
1403852538	1547	eval_results/round_trip_phase_prompt_go2_matterport_vision_loco_2024-09-25_23-22-02_promotion_quarantine_veto_30ep_20260801_resume13_ep1038/icp_replay_dataset
2059546156	2326	eval_results/round_trip_phase_prompt_go2_matterport_vision_loco_2024-09-25_23-22-02_promotion_quarantine_veto_30ep_20260801_resume13_ep1040/icp_replay_dataset
752707519	853	eval_results/round_trip_phase_prompt_go2_matterport_vision_loco_2024-09-25_23-22-02_promotion_quarantine_veto_30ep_20260801_resume13_ep498/icp_replay_dataset
687723841	763	eval_results/round_trip_phase_prompt_go2_matterport_vision_loco_2024-09-25_23-22-02_promotion_quarantine_veto_30ep_20260801_resume13_ep647/icp_replay_dataset
2075148234	2384	eval_results/round_trip_phase_prompt_go2_matterport_vision_loco_2024-09-25_23-22-02_promotion_quarantine_veto_30ep_20260801_resume13_ep671/icp_replay_dataset
970671257	1135	eval_results/round_trip_phase_prompt_go2_matterport_vision_loco_2024-09-25_23-22-02_promotion_quarantine_veto_30ep_20260801_resume13_ep680/icp_replay_dataset
2478991794	2811	eval_results/round_trip_phase_prompt_go2_matterport_vision_loco_2024-09-25_23-22-02_promotion_quarantine_veto_30ep_20260801_resume13_ep708/icp_replay_dataset
1552896876	1911	eval_results/round_trip_phase_prompt_go2_matterport_vision_loco_2024-09-25_23-22-02_promotion_quarantine_veto_30ep_20260801_resume13_ep994/icp_replay_dataset
2081437724	2326	eval_results/round_trip_phase_prompt_go2_matterport_vision_loco_2024-09-25_23-22-02_promotion_shadow_30ep_20260728_ep1038/icp_replay_dataset
2083956012	2297	eval_results/round_trip_phase_prompt_go2_matterport_vision_loco_2024-09-25_23-22-02_promotion_shadow_30ep_20260728_ep1062/icp_replay_dataset
1098776834	1217	eval_results/round_trip_phase_prompt_go2_matterport_vision_loco_2024-09-25_23-22-02_promotion_shadow_30ep_20260728_ep205/icp_replay_dataset
1093896508	1339	eval_results/round_trip_phase_prompt_go2_matterport_vision_loco_2024-09-25_23-22-02_promotion_shadow_30ep_20260728_ep264/icp_replay_dataset
1991909011	2329	eval_results/round_trip_phase_prompt_go2_matterport_vision_loco_2024-09-25_23-22-02_promotion_shadow_30ep_20260728_ep268/icp_replay_dataset
1877636557	2194	eval_results/round_trip_phase_prompt_go2_matterport_vision_loco_2024-09-25_23-22-02_promotion_shadow_30ep_20260728_ep310/icp_replay_dataset
1848712669	2242	eval_results/round_trip_phase_prompt_go2_matterport_vision_loco_2024-09-25_23-22-02_promotion_shadow_30ep_20260728_ep351/icp_replay_dataset
3299855714	3677	eval_results/round_trip_phase_prompt_go2_matterport_vision_loco_2024-09-25_23-22-02_promotion_shadow_30ep_20260728_ep366/icp_replay_dataset
1083832678	1216	eval_results/round_trip_phase_prompt_go2_matterport_vision_loco_2024-09-25_23-22-02_promotion_shadow_30ep_20260728_ep367/icp_replay_dataset
3062134500	3556	eval_results/round_trip_phase_prompt_go2_matterport_vision_loco_2024-09-25_23-22-02_promotion_shadow_30ep_20260728_ep368/icp_replay_dataset
1582246854	1691	eval_results/round_trip_phase_prompt_go2_matterport_vision_loco_2024-09-25_23-22-02_promotion_shadow_30ep_20260728_ep427/icp_replay_dataset
1632092134	1876	eval_results/round_trip_phase_prompt_go2_matterport_vision_loco_2024-09-25_23-22-02_promotion_shadow_30ep_20260728_ep490/icp_replay_dataset
691441472	764	eval_results/round_trip_phase_prompt_go2_matterport_vision_loco_2024-09-25_23-22-02_promotion_shadow_30ep_20260728_ep539/icp_replay_dataset
1988628281	2300	eval_results/round_trip_phase_prompt_go2_matterport_vision_loco_2024-09-25_23-22-02_promotion_shadow_30ep_20260728_ep579/icp_replay_dataset
2566512975	2963	eval_results/round_trip_phase_prompt_go2_matterport_vision_loco_2024-09-25_23-22-02_promotion_shadow_30ep_20260728_ep581/icp_replay_dataset
3408581804	3703	eval_results/round_trip_phase_prompt_go2_matterport_vision_loco_2024-09-25_23-22-02_promotion_shadow_30ep_20260728_ep5/icp_replay_dataset
1188907002	1332	eval_results/round_trip_phase_prompt_go2_matterport_vision_loco_2024-09-25_23-22-02_promotion_shadow_30ep_20260728_ep647/icp_replay_dataset
1339496521	1483	eval_results/round_trip_phase_prompt_go2_matterport_vision_loco_2024-09-25_23-22-02_promotion_shadow_30ep_20260728_ep658/icp_replay_dataset
1283372859	1483	eval_results/round_trip_phase_prompt_go2_matterport_vision_loco_2024-09-25_23-22-02_promotion_shadow_30ep_20260728_ep669/icp_replay_dataset
5132270600	5863	eval_results/round_trip_phase_prompt_go2_matterport_vision_loco_2024-09-25_23-22-02_promotion_shadow_30ep_20260728_ep671/icp_replay_dataset
675568454	730	eval_results/round_trip_phase_prompt_go2_matterport_vision_loco_2024-09-25_23-22-02_promotion_shadow_30ep_20260728_ep688/icp_replay_dataset
469788609	493	eval_results/round_trip_phase_prompt_go2_matterport_vision_loco_2024-09-25_23-22-02_promotion_shadow_30ep_20260728_ep784/icp_replay_dataset
549970892	583	eval_results/round_trip_phase_prompt_go2_matterport_vision_loco_2024-09-25_23-22-02_promotion_shadow_30ep_20260728_ep785/icp_replay_dataset
627636590	700	eval_results/round_trip_phase_prompt_go2_matterport_vision_loco_2024-09-25_23-22-02_promotion_shadow_30ep_20260728_ep815/icp_replay_dataset
1757009194	1931	eval_results/round_trip_phase_prompt_go2_matterport_vision_loco_2024-09-25_23-22-02_promotion_shadow_30ep_20260728_ep844/icp_replay_dataset
1338940085	1527	eval_results/round_trip_phase_prompt_go2_matterport_vision_loco_2024-09-25_23-22-02_promotion_shadow_30ep_20260728_ep888/icp_replay_dataset
1948871816	2080	eval_results/round_trip_phase_prompt_go2_matterport_vision_loco_2024-09-25_23-22-02_promotion_shadow_30ep_20260728_ep88/icp_replay_dataset
688430586	792	eval_results/round_trip_phase_prompt_go2_matterport_vision_loco_2024-09-25_23-22-02_promotion_shadow_30ep_20260728_ep961/icp_replay_dataset
5101270926	6013	eval_results/round_trip_phase_prompt_go2_matterport_vision_loco_2024-09-25_23-22-02_promotion_shadow_30ep_20260728_ep962/icp_replay_dataset
5632563903	6010	eval_results/round_trip_phase_prompt_go2_matterport_vision_loco_2024-09-25_23-22-02_promotion_shadow_bugfix_smoke_1ep_20260730_ep88/icp_replay_dataset
4076725331	4329	eval_results/round_trip_phase_prompt_go2_matterport_vision_loco_2024-09-25_23-22-02_promotion_shadow_reliable30v3_20260731_ep1038/icp_replay_dataset
2455896811	2745	eval_results/round_trip_phase_prompt_go2_matterport_vision_loco_2024-09-25_23-22-02_promotion_shadow_reliable30v3_20260731_ep1040/icp_replay_dataset
1114594015	1232	eval_results/round_trip_phase_prompt_go2_matterport_vision_loco_2024-09-25_23-22-02_promotion_shadow_reliable30v3_20260731_ep187/icp_replay_dataset
1046326857	1169	eval_results/round_trip_phase_prompt_go2_matterport_vision_loco_2024-09-25_23-22-02_promotion_shadow_reliable30v3_20260731_ep205/icp_replay_dataset
1991910154	2329	eval_results/round_trip_phase_prompt_go2_matterport_vision_loco_2024-09-25_23-22-02_promotion_shadow_reliable30v3_20260731_ep268/icp_replay_dataset
1330623839	1626	eval_results/round_trip_phase_prompt_go2_matterport_vision_loco_2024-09-25_23-22-02_promotion_shadow_reliable30v3_20260731_ep295/icp_replay_dataset
3084309944	3435	eval_results/round_trip_phase_prompt_go2_matterport_vision_loco_2024-09-25_23-22-02_promotion_shadow_reliable30v3_20260731_ep368/icp_replay_dataset
613722437	669	eval_results/round_trip_phase_prompt_go2_matterport_vision_loco_2024-09-25_23-22-02_promotion_shadow_reliable30v3_20260731_ep498/icp_replay_dataset
562596144	584	eval_results/round_trip_phase_prompt_go2_matterport_vision_loco_2024-09-25_23-22-02_promotion_shadow_reliable30v3_20260731_ep4/icp_replay_dataset
5258797844	6017	eval_results/round_trip_phase_prompt_go2_matterport_vision_loco_2024-09-25_23-22-02_promotion_shadow_reliable30v3_20260731_ep500/icp_replay_dataset
3790465659	4518	eval_results/round_trip_phase_prompt_go2_matterport_vision_loco_2024-09-25_23-22-02_promotion_shadow_reliable30v3_20260731_ep5/icp_replay_dataset
684404165	762	eval_results/round_trip_phase_prompt_go2_matterport_vision_loco_2024-09-25_23-22-02_promotion_shadow_reliable30v3_20260731_ep647/icp_replay_dataset
1855214703	2113	eval_results/round_trip_phase_prompt_go2_matterport_vision_loco_2024-09-25_23-22-02_promotion_shadow_reliable30v3_20260731_ep671/icp_replay_dataset
1525750302	1701	eval_results/round_trip_phase_prompt_go2_matterport_vision_loco_2024-09-25_23-22-02_promotion_shadow_reliable30v3_20260731_ep678/icp_replay_dataset
5078872161	6021	eval_results/round_trip_phase_prompt_go2_matterport_vision_loco_2024-09-25_23-22-02_promotion_shadow_reliable30v3_20260731_ep680/icp_replay_dataset
702460234	760	eval_results/round_trip_phase_prompt_go2_matterport_vision_loco_2024-09-25_23-22-02_promotion_shadow_reliable30v3_20260731_ep688/icp_replay_dataset
2625121754	3197	eval_results/round_trip_phase_prompt_go2_matterport_vision_loco_2024-09-25_23-22-02_promotion_shadow_reliable30v3_20260731_ep708/icp_replay_dataset
4697909711	6009	eval_results/round_trip_phase_prompt_go2_matterport_vision_loco_2024-09-25_23-22-02_promotion_shadow_reliable30v3_20260731_ep89/icp_replay_dataset
1280643737	1561	eval_results/round_trip_phase_prompt_go2_matterport_vision_loco_2024-09-25_23-22-02_promotion_shadow_reliable30v3_20260731_ep994/icp_replay_dataset
842884613	946	eval_results/round_trip_phase_prompt_go2_matterport_vision_loco_2024-09-25_23-22-02_promotion_shadow_smoke_3ep_20260728_ep276/icp_replay_dataset
38803870	14	eval_results/round_trip_phase_prompt_go2_matterport_vision_loco_2024-09-25_23-22-02_promotion_shadow_smoke_3ep_20260728_ep344/icp_replay_dataset
1192941876	1303	eval_results/round_trip_phase_prompt_go2_matterport_vision_loco_2024-09-25_23-22-02_promotion_shadow_smoke_3ep_20260728_ep646/icp_replay_dataset
217371596	204	eval_results/round_trip_phase_prompt_go2_matterport_vision_loco_2024-09-25_23-22-02_promotion_shadow_unseen30_20260730_ep255/icp_replay_dataset
594447242	733	eval_results/round_trip_phase_prompt_go2_matterport_vision_loco_2024-09-25_23-22-02_promotion_shadow_unseen30v2_20260730_ep0/icp_replay_dataset
936700118	1039	eval_results/round_trip_phase_prompt_go2_matterport_vision_loco_2024-09-25_23-22-02_promotion_shadow_unseen30v2_20260730_ep10/icp_replay_dataset
46866369	18	eval_results/round_trip_phase_prompt_go2_matterport_vision_loco_2024-09-25_23-22-02_promotion_shadow_unseen30v2_20260730_ep11/icp_replay_dataset
50094886	19	eval_results/round_trip_phase_prompt_go2_matterport_vision_loco_2024-09-25_23-22-02_promotion_shadow_unseen30v2_20260730_ep16/icp_replay_dataset
49746222	19	eval_results/round_trip_phase_prompt_go2_matterport_vision_loco_2024-09-25_23-22-02_promotion_shadow_unseen30v2_20260730_ep17/icp_replay_dataset
262077595	314	eval_results/round_trip_phase_prompt_go2_matterport_vision_loco_2024-09-25_23-22-02_promotion_shadow_unseen30v2_20260730_ep1/icp_replay_dataset
58967396	22	eval_results/round_trip_phase_prompt_go2_matterport_vision_loco_2024-09-25_23-22-02_promotion_shadow_unseen30v2_20260730_ep21/icp_replay_dataset
50397879	20	eval_results/round_trip_phase_prompt_go2_matterport_vision_loco_2024-09-25_23-22-02_promotion_shadow_unseen30v2_20260730_ep22/icp_replay_dataset
56026034	21	eval_results/round_trip_phase_prompt_go2_matterport_vision_loco_2024-09-25_23-22-02_promotion_shadow_unseen30v2_20260730_ep23/icp_replay_dataset
27810931	12	eval_results/round_trip_phase_prompt_go2_matterport_vision_loco_2024-09-25_23-22-02_promotion_shadow_unseen30v2_20260730_ep2/icp_replay_dataset
34517457	14	eval_results/round_trip_phase_prompt_go2_matterport_vision_loco_2024-09-25_23-22-02_promotion_shadow_unseen30v2_20260730_ep30/icp_replay_dataset
37661965	15	eval_results/round_trip_phase_prompt_go2_matterport_vision_loco_2024-09-25_23-22-02_promotion_shadow_unseen30v2_20260730_ep31/icp_replay_dataset
43665905	17	eval_results/round_trip_phase_prompt_go2_matterport_vision_loco_2024-09-25_23-22-02_promotion_shadow_unseen30v2_20260730_ep32/icp_replay_dataset
47483796	18	eval_results/round_trip_phase_prompt_go2_matterport_vision_loco_2024-09-25_23-22-02_promotion_shadow_unseen30v2_20260730_ep33/icp_replay_dataset
47873596	18	eval_results/round_trip_phase_prompt_go2_matterport_vision_loco_2024-09-25_23-22-02_promotion_shadow_unseen30v2_20260730_ep34/icp_replay_dataset
50686267	19	eval_results/round_trip_phase_prompt_go2_matterport_vision_loco_2024-09-25_23-22-02_promotion_shadow_unseen30v2_20260730_ep35/icp_replay_dataset
44389190	17	eval_results/round_trip_phase_prompt_go2_matterport_vision_loco_2024-09-25_23-22-02_promotion_shadow_unseen30v2_20260730_ep39/icp_replay_dataset
63093596	23	eval_results/round_trip_phase_prompt_go2_matterport_vision_loco_2024-09-25_23-22-02_promotion_shadow_unseen30v2_20260730_ep41/icp_replay_dataset
993108091	1938	eval_results/round_trip_phase_prompt_go2_matterport_vision_loco_2024-09-25_23-22-02_reliability_ab_smoke_1ep_20260721_accumulated_ep680/icp_replay_dataset
259555429	453	eval_results/round_trip_phase_prompt_go2_matterport_vision_loco_2024-09-25_23-22-02_reliability_fixon_100ep_20260721_accumulated_ep1000/icp_replay_dataset
2503186972	5003	eval_results/round_trip_phase_prompt_go2_matterport_vision_loco_2024-09-25_23-22-02_reliability_fixon_100ep_20260721_accumulated_ep1008/icp_replay_dataset
494932244	1078	eval_results/round_trip_phase_prompt_go2_matterport_vision_loco_2024-09-25_23-22-02_reliability_fixon_100ep_20260721_accumulated_ep1011/icp_replay_dataset
931774183	1743	eval_results/round_trip_phase_prompt_go2_matterport_vision_loco_2024-09-25_23-22-02_reliability_fixon_100ep_20260721_accumulated_ep1038/icp_replay_dataset
626155632	1153	eval_results/round_trip_phase_prompt_go2_matterport_vision_loco_2024-09-25_23-22-02_reliability_fixon_100ep_20260721_accumulated_ep1040/icp_replay_dataset
2659622406	5003	eval_results/round_trip_phase_prompt_go2_matterport_vision_loco_2024-09-25_23-22-02_reliability_fixon_100ep_20260721_accumulated_ep134/icp_replay_dataset
1767177108	3428	eval_results/round_trip_phase_prompt_go2_matterport_vision_loco_2024-09-25_23-22-02_reliability_fixon_100ep_20260721_accumulated_ep166/icp_replay_dataset
1344531202	2595	eval_results/round_trip_phase_prompt_go2_matterport_vision_loco_2024-09-25_23-22-02_reliability_fixon_100ep_20260721_accumulated_ep187/icp_replay_dataset
5934061	1	eval_results/round_trip_phase_prompt_go2_matterport_vision_loco_2024-09-25_23-22-02_reliability_fixon_100ep_20260721_accumulated_ep189/icp_replay_dataset
2402364554	5003	eval_results/round_trip_phase_prompt_go2_matterport_vision_loco_2024-09-25_23-22-02_reliability_fixon_100ep_20260721_accumulated_ep214/icp_replay_dataset
819805794	1566	eval_results/round_trip_phase_prompt_go2_matterport_vision_loco_2024-09-25_23-22-02_reliability_fixon_100ep_20260721_accumulated_ep281/icp_replay_dataset
62180013	121	eval_results/round_trip_phase_prompt_go2_matterport_vision_loco_2024-09-25_23-22-02_reliability_fixon_100ep_20260721_accumulated_ep295/icp_replay_dataset
207153231	366	eval_results/round_trip_phase_prompt_go2_matterport_vision_loco_2024-09-25_23-22-02_reliability_fixon_100ep_20260721_accumulated_ep319/icp_replay_dataset
834107811	1961	eval_results/round_trip_phase_prompt_go2_matterport_vision_loco_2024-09-25_23-22-02_reliability_fixon_100ep_20260721_accumulated_ep336/icp_replay_dataset
546449437	1268	eval_results/round_trip_phase_prompt_go2_matterport_vision_loco_2024-09-25_23-22-02_reliability_fixon_100ep_20260721_accumulated_ep337/icp_replay_dataset
233427225	453	eval_results/round_trip_phase_prompt_go2_matterport_vision_loco_2024-09-25_23-22-02_reliability_fixon_100ep_20260721_accumulated_ep347/icp_replay_dataset
2192806293	4053	eval_results/round_trip_phase_prompt_go2_matterport_vision_loco_2024-09-25_23-22-02_reliability_fixon_100ep_20260721_accumulated_ep367/icp_replay_dataset
822397060	1553	eval_results/round_trip_phase_prompt_go2_matterport_vision_loco_2024-09-25_23-22-02_reliability_fixon_100ep_20260721_accumulated_ep368/icp_replay_dataset
2874587097	5003	eval_results/round_trip_phase_prompt_go2_matterport_vision_loco_2024-09-25_23-22-02_reliability_fixon_100ep_20260721_accumulated_ep491/icp_replay_dataset
962617684	1711	eval_results/round_trip_phase_prompt_go2_matterport_vision_loco_2024-09-25_23-22-02_reliability_fixon_100ep_20260721_accumulated_ep498/icp_replay_dataset
613244184	1203	eval_results/round_trip_phase_prompt_go2_matterport_vision_loco_2024-09-25_23-22-02_reliability_fixon_100ep_20260721_accumulated_ep4/icp_replay_dataset
477989398	1003	eval_results/round_trip_phase_prompt_go2_matterport_vision_loco_2024-09-25_23-22-02_reliability_fixon_100ep_20260721_accumulated_ep500/icp_replay_dataset
739058940	1603	eval_results/round_trip_phase_prompt_go2_matterport_vision_loco_2024-09-25_23-22-02_reliability_fixon_100ep_20260721_accumulated_ep515/icp_replay_dataset
588810309	1208	eval_results/round_trip_phase_prompt_go2_matterport_vision_loco_2024-09-25_23-22-02_reliability_fixon_100ep_20260721_accumulated_ep537/icp_replay_dataset
679324849	1378	eval_results/round_trip_phase_prompt_go2_matterport_vision_loco_2024-09-25_23-22-02_reliability_fixon_100ep_20260721_accumulated_ep589/icp_replay_dataset
2551638934	5003	eval_results/round_trip_phase_prompt_go2_matterport_vision_loco_2024-09-25_23-22-02_reliability_fixon_100ep_20260721_accumulated_ep5/icp_replay_dataset
429643933	853	eval_results/round_trip_phase_prompt_go2_matterport_vision_loco_2024-09-25_23-22-02_reliability_fixon_100ep_20260721_accumulated_ep640/icp_replay_dataset
314185404	628	eval_results/round_trip_phase_prompt_go2_matterport_vision_loco_2024-09-25_23-22-02_reliability_fixon_100ep_20260721_accumulated_ep647/icp_replay_dataset
721718219	1703	eval_results/round_trip_phase_prompt_go2_matterport_vision_loco_2024-09-25_23-22-02_reliability_fixon_100ep_20260721_accumulated_ep651/icp_replay_dataset
545470717	1176	eval_results/round_trip_phase_prompt_go2_matterport_vision_loco_2024-09-25_23-22-02_reliability_fixon_100ep_20260721_accumulated_ep653/icp_replay_dataset
1060024158	2053	eval_results/round_trip_phase_prompt_go2_matterport_vision_loco_2024-09-25_23-22-02_reliability_fixon_100ep_20260721_accumulated_ep669/icp_replay_dataset
1355720730	2538	eval_results/round_trip_phase_prompt_go2_matterport_vision_loco_2024-09-25_23-22-02_reliability_fixon_100ep_20260721_accumulated_ep678/icp_replay_dataset
1032878158	2028	eval_results/round_trip_phase_prompt_go2_matterport_vision_loco_2024-09-25_23-22-02_reliability_fixon_100ep_20260721_accumulated_ep680/icp_replay_dataset
1154651260	2578	eval_results/round_trip_phase_prompt_go2_matterport_vision_loco_2024-09-25_23-22-02_reliability_fixon_100ep_20260721_accumulated_ep708/icp_replay_dataset
459583100	821	eval_results/round_trip_phase_prompt_go2_matterport_vision_loco_2024-09-25_23-22-02_reliability_fixon_100ep_20260721_accumulated_ep783/icp_replay_dataset
1246266405	2177	eval_results/round_trip_phase_prompt_go2_matterport_vision_loco_2024-09-25_23-22-02_reliability_fixon_100ep_20260721_accumulated_ep813/icp_replay_dataset
400592470	861	eval_results/round_trip_phase_prompt_go2_matterport_vision_loco_2024-09-25_23-22-02_reliability_fixon_100ep_20260721_accumulated_ep889/icp_replay_dataset
778472287	1583	eval_results/round_trip_phase_prompt_go2_matterport_vision_loco_2024-09-25_23-22-02_reliability_fixon_100ep_20260721_accumulated_ep88/icp_replay_dataset
534262275	1103	eval_results/round_trip_phase_prompt_go2_matterport_vision_loco_2024-09-25_23-22-02_reliability_fixon_100ep_20260721_accumulated_ep89/icp_replay_dataset
416795034	903	eval_results/round_trip_phase_prompt_go2_matterport_vision_loco_2024-09-25_23-22-02_reliability_fixon_100ep_20260721_accumulated_ep932/icp_replay_dataset
1563895224	3178	eval_results/round_trip_phase_prompt_go2_matterport_vision_loco_2024-09-25_23-22-02_reliability_fixon_100ep_20260721_accumulated_ep963/icp_replay_dataset
711364890	1443	eval_results/round_trip_phase_prompt_go2_matterport_vision_loco_2024-09-25_23-22-02_reliability_fixon_100ep_20260721_accumulated_ep96/icp_replay_dataset
444147167	1056	eval_results/round_trip_phase_prompt_go2_matterport_vision_loco_2024-09-25_23-22-02_reliability_fixon_100ep_20260721_accumulated_ep994/icp_replay_dataset
5098063502	6018	eval_results/round_trip_phase_prompt_go2_matterport_vision_loco_2024-09-25_23-22-02_reliability_v11_anchor_stop_active50_20260728_ep196/icp_replay_dataset
2247165904	2479	eval_results/round_trip_phase_prompt_go2_matterport_vision_loco_2024-09-25_23-22-02_reliability_v11_anchor_stop_active50_20260728_ep19/icp_replay_dataset
2530274517	2840	eval_results/round_trip_phase_prompt_go2_matterport_vision_loco_2024-09-25_23-22-02_reliability_v11_anchor_stop_active50_20260728_ep205/icp_replay_dataset
4971009216	6020	eval_results/round_trip_phase_prompt_go2_matterport_vision_loco_2024-09-25_23-22-02_reliability_v11_anchor_stop_active50_20260728_ep264/icp_replay_dataset
2534914519	3035	eval_results/round_trip_phase_prompt_go2_matterport_vision_loco_2024-09-25_23-22-02_reliability_v11_anchor_stop_active50_20260728_ep264.incomplete.20260729T025113/icp_replay_dataset
2225941288	2492	eval_results/round_trip_phase_prompt_go2_matterport_vision_loco_2024-09-25_23-22-02_reliability_v11_anchor_stop_active50_20260728_ep268/icp_replay_dataset
3809500264	4355	eval_results/round_trip_phase_prompt_go2_matterport_vision_loco_2024-09-25_23-22-02_reliability_v11_anchor_stop_active50_20260728_ep268.incomplete.20260729T054556/icp_replay_dataset
1540135871	1728	eval_results/round_trip_phase_prompt_go2_matterport_vision_loco_2024-09-25_23-22-02_reliability_v11_anchor_stop_active50_20260728_ep310/icp_replay_dataset
2237338148	2781	eval_results/round_trip_phase_prompt_go2_matterport_vision_loco_2024-09-25_23-22-02_reliability_v11_anchor_stop_active50_20260728_ep344/icp_replay_dataset
2916379851	3627	eval_results/round_trip_phase_prompt_go2_matterport_vision_loco_2024-09-25_23-22-02_reliability_v11_anchor_stop_active50_20260728_ep344.incomplete.20260729T084859/icp_replay_dataset
2347781585	2620	eval_results/round_trip_phase_prompt_go2_matterport_vision_loco_2024-09-25_23-22-02_reliability_v11_anchor_stop_active50_20260728_ep4/icp_replay_dataset
4857725864	5414	eval_results/round_trip_phase_prompt_go2_matterport_vision_loco_2024-09-25_23-22-02_reliability_v11_anchor_stop_active50_20260728_ep5.incomplete.20260728T221456/icp_replay_dataset
1062564235	1121	eval_results/round_trip_phase_prompt_go2_matterport_vision_loco_2024-09-25_23-22-02_reliability_v11_anchor_stop_active50_20260728_ep87/icp_replay_dataset
403869434	368	eval_results/round_trip_phase_prompt_go2_matterport_vision_loco_2024-09-25_23-22-02_reliability_v11_anchor_stop_active50_20260728_ep87.incomplete.20260728T224449/icp_replay_dataset
1499577476	1584	eval_results/round_trip_phase_prompt_go2_matterport_vision_loco_2024-09-25_23-22-02_reliability_v11_anchor_stop_active50_20260728_ep88/icp_replay_dataset
1380985022	1510	eval_results/round_trip_phase_prompt_go2_matterport_vision_loco_2024-09-25_23-22-02_reliability_v11_anchor_stop_active50_20260728_ep89/icp_replay_dataset
5261662428	6024	eval_results/round_trip_phase_prompt_go2_matterport_vision_loco_2024-09-25_23-22-02_reliability_v11_anchor_stop_active50_20260728_ep93/icp_replay_dataset
2419320550	2806	eval_results/round_trip_phase_prompt_go2_matterport_vision_loco_2024-09-25_23-22-02_reliability_v11_anchor_stop_active50_20260728_ep95/icp_replay_dataset
1208868807	1437	eval_results/round_trip_phase_prompt_go2_matterport_vision_loco_2024-09-25_23-22-02_reliability_v11_anchor_stop_blindspot_bounded_20260728_ep420/icp_replay_dataset
141334217	139	eval_results/round_trip_phase_prompt_go2_matterport_vision_loco_2024-09-25_23-22-02_reliability_v11_anchor_stop_blindspot_detached_20260728_ep89/icp_replay_dataset
921804277	1015	eval_results/round_trip_phase_prompt_go2_matterport_vision_loco_2024-09-25_23-22-02_reliability_v11_anchor_stop_blindspot_exitdiag_20260728_ep89/icp_replay_dataset
1898955345	2053	eval_results/round_trip_phase_prompt_go2_matterport_vision_loco_2024-09-25_23-22-02_reliability_v11_anchor_stop_blindspot_fixed_20260728_ep89/icp_replay_dataset
52302403	38	eval_results/round_trip_phase_prompt_go2_matterport_vision_loco_2024-09-25_23-22-02_reliability_v11_anchor_stop_blindspot_smoke_20260728_ep89/icp_replay_dataset
2807481687	3168	eval_results/round_trip_phase_prompt_go2_matterport_vision_loco_2024-09-25_23-22-02_reliability_v11_anchor_stop_smoke_20260728_ep205/icp_replay_dataset
382161434	433	eval_results/round_trip_phase_prompt_go2_matterport_vision_loco_2024-09-25_23-22-02_reliability_v11_anchor_stop_smoke_20260728_ep490/icp_replay_dataset
5293791189	6016	eval_results/round_trip_phase_prompt_go2_matterport_vision_loco_2024-09-25_23-22-02_reliability_v11_decision_shadow_rgbd_100ep_20260724_ep100/icp_replay_dataset
900239304	947	eval_results/round_trip_phase_prompt_go2_matterport_vision_loco_2024-09-25_23-22-02_reliability_v11_decision_shadow_rgbd_100ep_20260724_ep1062/icp_replay_dataset
1001870886	1268	eval_results/round_trip_phase_prompt_go2_matterport_vision_loco_2024-09-25_23-22-02_reliability_v11_decision_shadow_rgbd_100ep_20260724_ep1069/icp_replay_dataset
3037123512	3352	eval_results/round_trip_phase_prompt_go2_matterport_vision_loco_2024-09-25_23-22-02_reliability_v11_decision_shadow_rgbd_100ep_20260724_ep18/icp_replay_dataset
4928936479	6018	eval_results/round_trip_phase_prompt_go2_matterport_vision_loco_2024-09-25_23-22-02_reliability_v11_decision_shadow_rgbd_100ep_20260724_ep196/icp_replay_dataset
428333488	474	eval_results/round_trip_phase_prompt_go2_matterport_vision_loco_2024-09-25_23-22-02_reliability_v11_decision_shadow_rgbd_100ep_20260724_ep19/icp_replay_dataset
1100064472	1217	eval_results/round_trip_phase_prompt_go2_matterport_vision_loco_2024-09-25_23-22-02_reliability_v11_decision_shadow_rgbd_100ep_20260724_ep205/icp_replay_dataset
891507143	1069	eval_results/round_trip_phase_prompt_go2_matterport_vision_loco_2024-09-25_23-22-02_reliability_v11_decision_shadow_rgbd_100ep_20260724_ep264/icp_replay_dataset
5144940232	6018	eval_results/round_trip_phase_prompt_go2_matterport_vision_loco_2024-09-25_23-22-02_reliability_v11_decision_shadow_rgbd_100ep_20260724_ep276/icp_replay_dataset
937581476	1036	eval_results/round_trip_phase_prompt_go2_matterport_vision_loco_2024-09-25_23-22-02_reliability_v11_decision_shadow_rgbd_100ep_20260724_ep278/icp_replay_dataset
295895377	308	eval_results/round_trip_phase_prompt_go2_matterport_vision_loco_2024-09-25_23-22-02_reliability_v11_decision_shadow_rgbd_100ep_20260724_ep288/icp_replay_dataset
1699465150	1883	eval_results/round_trip_phase_prompt_go2_matterport_vision_loco_2024-09-25_23-22-02_reliability_v11_decision_shadow_rgbd_100ep_20260724_ep28/icp_replay_dataset
1443987590	1607	eval_results/round_trip_phase_prompt_go2_matterport_vision_loco_2024-09-25_23-22-02_reliability_v11_decision_shadow_rgbd_100ep_20260724_ep310/icp_replay_dataset
671109698	779	eval_results/round_trip_phase_prompt_go2_matterport_vision_loco_2024-09-25_23-22-02_reliability_v11_decision_shadow_rgbd_100ep_20260724_ep324/icp_replay_dataset
674671818	793	eval_results/round_trip_phase_prompt_go2_matterport_vision_loco_2024-09-25_23-22-02_reliability_v11_decision_shadow_rgbd_100ep_20260724_ep333/icp_replay_dataset
5050641089	6017	eval_results/round_trip_phase_prompt_go2_matterport_vision_loco_2024-09-25_23-22-02_reliability_v11_decision_shadow_rgbd_100ep_20260724_ep344/icp_replay_dataset
1649808793	1972	eval_results/round_trip_phase_prompt_go2_matterport_vision_loco_2024-09-25_23-22-02_reliability_v11_decision_shadow_rgbd_100ep_20260724_ep351/icp_replay_dataset
1262929847	1380	eval_results/round_trip_phase_prompt_go2_matterport_vision_loco_2024-09-25_23-22-02_reliability_v11_decision_shadow_rgbd_100ep_20260724_ep355/icp_replay_dataset
1809423961	2057	eval_results/round_trip_phase_prompt_go2_matterport_vision_loco_2024-09-25_23-22-02_reliability_v11_decision_shadow_rgbd_100ep_20260724_ep366/icp_replay_dataset
643527946	853	eval_results/round_trip_phase_prompt_go2_matterport_vision_loco_2024-09-25_23-22-02_reliability_v11_decision_shadow_rgbd_100ep_20260724_ep384/icp_replay_dataset
524496527	672	eval_results/round_trip_phase_prompt_go2_matterport_vision_loco_2024-09-25_23-22-02_reliability_v11_decision_shadow_rgbd_100ep_20260724_ep385/icp_replay_dataset
2428957975	2746	eval_results/round_trip_phase_prompt_go2_matterport_vision_loco_2024-09-25_23-22-02_reliability_v11_decision_shadow_rgbd_100ep_20260724_ep387/icp_replay_dataset
815702951	912	eval_results/round_trip_phase_prompt_go2_matterport_vision_loco_2024-09-25_23-22-02_reliability_v11_decision_shadow_rgbd_100ep_20260724_ep3/icp_replay_dataset
2390138372	2753	eval_results/round_trip_phase_prompt_go2_matterport_vision_loco_2024-09-25_23-22-02_reliability_v11_decision_shadow_rgbd_100ep_20260724_ep420/icp_replay_dataset
545278060	611	eval_results/round_trip_phase_prompt_go2_matterport_vision_loco_2024-09-25_23-22-02_reliability_v11_decision_shadow_rgbd_100ep_20260724_ep427/icp_replay_dataset
781533859	910	eval_results/round_trip_phase_prompt_go2_matterport_vision_loco_2024-09-25_23-22-02_reliability_v11_decision_shadow_rgbd_100ep_20260724_ep448/icp_replay_dataset
5783507408	6013	eval_results/round_trip_phase_prompt_go2_matterport_vision_loco_2024-09-25_23-22-02_reliability_v11_decision_shadow_rgbd_100ep_20260724_ep484/icp_replay_dataset
1298486474	1515	eval_results/round_trip_phase_prompt_go2_matterport_vision_loco_2024-09-25_23-22-02_reliability_v11_decision_shadow_rgbd_100ep_20260724_ep489/icp_replay_dataset
2495221528	2865	eval_results/round_trip_phase_prompt_go2_matterport_vision_loco_2024-09-25_23-22-02_reliability_v11_decision_shadow_rgbd_100ep_20260724_ep490/icp_replay_dataset
852077941	944	eval_results/round_trip_phase_prompt_go2_matterport_vision_loco_2024-09-25_23-22-02_reliability_v11_decision_shadow_rgbd_100ep_20260724_ep539/icp_replay_dataset
1784679971	2060	eval_results/round_trip_phase_prompt_go2_matterport_vision_loco_2024-09-25_23-22-02_reliability_v11_decision_shadow_rgbd_100ep_20260724_ep579/icp_replay_dataset
1363561465	1552	eval_results/round_trip_phase_prompt_go2_matterport_vision_loco_2024-09-25_23-22-02_reliability_v11_decision_shadow_rgbd_100ep_20260724_ep581/icp_replay_dataset
2170874637	2323	eval_results/round_trip_phase_prompt_go2_matterport_vision_loco_2024-09-25_23-22-02_reliability_v11_decision_shadow_rgbd_100ep_20260724_ep613/icp_replay_dataset
734816460	795	eval_results/round_trip_phase_prompt_go2_matterport_vision_loco_2024-09-25_23-22-02_reliability_v11_decision_shadow_rgbd_100ep_20260724_ep615/icp_replay_dataset
298118723	321	eval_results/round_trip_phase_prompt_go2_matterport_vision_loco_2024-09-25_23-22-02_reliability_v11_decision_shadow_rgbd_100ep_20260724_ep645/icp_replay_dataset
1028670633	1153	eval_results/round_trip_phase_prompt_go2_matterport_vision_loco_2024-09-25_23-22-02_reliability_v11_decision_shadow_rgbd_100ep_20260724_ep646/icp_replay_dataset
534830008	640	eval_results/round_trip_phase_prompt_go2_matterport_vision_loco_2024-09-25_23-22-02_reliability_v11_decision_shadow_rgbd_100ep_20260724_ep654/icp_replay_dataset
1367333096	1513	eval_results/round_trip_phase_prompt_go2_matterport_vision_loco_2024-09-25_23-22-02_reliability_v11_decision_shadow_rgbd_100ep_20260724_ep658/icp_replay_dataset
2111154507	2473	eval_results/round_trip_phase_prompt_go2_matterport_vision_loco_2024-09-25_23-22-02_reliability_v11_decision_shadow_rgbd_100ep_20260724_ep671/icp_replay_dataset
496915552	550	eval_results/round_trip_phase_prompt_go2_matterport_vision_loco_2024-09-25_23-22-02_reliability_v11_decision_shadow_rgbd_100ep_20260724_ep681/icp_replay_dataset
225306517	248	eval_results/round_trip_phase_prompt_go2_matterport_vision_loco_2024-09-25_23-22-02_reliability_v11_decision_shadow_rgbd_100ep_20260724_ep682/icp_replay_dataset
761338605	825	eval_results/round_trip_phase_prompt_go2_matterport_vision_loco_2024-09-25_23-22-02_reliability_v11_decision_shadow_rgbd_100ep_20260724_ep687/icp_replay_dataset
690987980	742	eval_results/round_trip_phase_prompt_go2_matterport_vision_loco_2024-09-25_23-22-02_reliability_v11_decision_shadow_rgbd_100ep_20260724_ep688/icp_replay_dataset
6023899049	6019	eval_results/round_trip_phase_prompt_go2_matterport_vision_loco_2024-09-25_23-22-02_reliability_v11_decision_shadow_rgbd_100ep_20260724_ep698/icp_replay_dataset
5542898210	6017	eval_results/round_trip_phase_prompt_go2_matterport_vision_loco_2024-09-25_23-22-02_reliability_v11_decision_shadow_rgbd_100ep_20260724_ep715/icp_replay_dataset
1266147205	1450	eval_results/round_trip_phase_prompt_go2_matterport_vision_loco_2024-09-25_23-22-02_reliability_v11_decision_shadow_rgbd_100ep_20260724_ep762/icp_replay_dataset
1974822591	2246	eval_results/round_trip_phase_prompt_go2_matterport_vision_loco_2024-09-25_23-22-02_reliability_v11_decision_shadow_rgbd_100ep_20260724_ep764/icp_replay_dataset
469798106	493	eval_results/round_trip_phase_prompt_go2_matterport_vision_loco_2024-09-25_23-22-02_reliability_v11_decision_shadow_rgbd_100ep_20260724_ep784/icp_replay_dataset
1098352685	1183	eval_results/round_trip_phase_prompt_go2_matterport_vision_loco_2024-09-25_23-22-02_reliability_v11_decision_shadow_rgbd_100ep_20260724_ep785/icp_replay_dataset
882964112	1001	eval_results/round_trip_phase_prompt_go2_matterport_vision_loco_2024-09-25_23-22-02_reliability_v11_decision_shadow_rgbd_100ep_20260724_ep814/icp_replay_dataset
753499781	851	eval_results/round_trip_phase_prompt_go2_matterport_vision_loco_2024-09-25_23-22-02_reliability_v11_decision_shadow_rgbd_100ep_20260724_ep815/icp_replay_dataset
5494475869	6011	eval_results/round_trip_phase_prompt_go2_matterport_vision_loco_2024-09-25_23-22-02_reliability_v11_decision_shadow_rgbd_100ep_20260724_ep844/icp_replay_dataset
1035062114	1081	eval_results/round_trip_phase_prompt_go2_matterport_vision_loco_2024-09-25_23-22-02_reliability_v11_decision_shadow_rgbd_100ep_20260724_ep87/icp_replay_dataset
1363092096	1545	eval_results/round_trip_phase_prompt_go2_matterport_vision_loco_2024-09-25_23-22-02_reliability_v11_decision_shadow_rgbd_100ep_20260724_ep888/icp_replay_dataset
1666227912	1935	eval_results/round_trip_phase_prompt_go2_matterport_vision_loco_2024-09-25_23-22-02_reliability_v11_decision_shadow_rgbd_100ep_20260724_ep890/icp_replay_dataset
1860150195	2048	eval_results/round_trip_phase_prompt_go2_matterport_vision_loco_2024-09-25_23-22-02_reliability_v11_decision_shadow_rgbd_100ep_20260724_ep929/icp_replay_dataset
1912203607	2184	eval_results/round_trip_phase_prompt_go2_matterport_vision_loco_2024-09-25_23-22-02_reliability_v11_decision_shadow_rgbd_100ep_20260724_ep93/icp_replay_dataset
1160470328	1311	eval_results/round_trip_phase_prompt_go2_matterport_vision_loco_2024-09-25_23-22-02_reliability_v11_decision_shadow_rgbd_100ep_20260724_ep95/icp_replay_dataset
1434914919	1662	eval_results/round_trip_phase_prompt_go2_matterport_vision_loco_2024-09-25_23-22-02_reliability_v11_decision_shadow_rgbd_100ep_20260724_ep961/icp_replay_dataset
884673869	1033	eval_results/round_trip_phase_prompt_go2_matterport_vision_loco_2024-09-25_23-22-02_reliability_v11_decision_shadow_rgbd_100ep_20260724_ep962/icp_replay_dataset
1366691769	1637	eval_results/round_trip_phase_prompt_go2_matterport_vision_loco_2024-09-25_23-22-02_reliability_v11_decision_shadow_rgbd_100ep_20260724_ep987/icp_replay_dataset
595141213	1178	eval_results/round_trip_phase_prompt_go2_matterport_vision_loco_2024-09-25_23-22-02_reliability_v11_online_shadow_canary_5ep_20260723_retry2_ep539/icp_replay_dataset
795500025	1703	eval_results/round_trip_phase_prompt_go2_matterport_vision_loco_2024-09-25_23-22-02_reliability_v11_online_shadow_canary_5ep_20260723_retry2_ep579/icp_replay_dataset
334721436	603	eval_results/round_trip_phase_prompt_go2_matterport_vision_loco_2024-09-25_23-22-02_reliability_v11_online_shadow_canary_5ep_20260723_retry2_ep688/icp_replay_dataset
762441744	885	eval_results/round_trip_phase_prompt_go2_matterport_vision_loco_2024-09-25_23-22-02_reliability_v11_policy_v2_active_50ep_outbound_top_20260725_ep196.incomplete.20260725T224617/icp_replay_dataset
464545878	513	eval_results/round_trip_phase_prompt_go2_matterport_vision_loco_2024-09-25_23-22-02_reliability_v11_policy_v2_active_50ep_outbound_top_20260725_ep19/icp_replay_dataset
1956730889	2207	eval_results/round_trip_phase_prompt_go2_matterport_vision_loco_2024-09-25_23-22-02_reliability_v11_policy_v2_active_50ep_outbound_top_20260725_ep205/icp_replay_dataset
1262816122	1531	eval_results/round_trip_phase_prompt_go2_matterport_vision_loco_2024-09-25_23-22-02_reliability_v11_policy_v2_active_50ep_outbound_top_20260725_ep264/icp_replay_dataset
1883274921	2209	eval_results/round_trip_phase_prompt_go2_matterport_vision_loco_2024-09-25_23-22-02_reliability_v11_policy_v2_active_50ep_outbound_top_20260725_ep268/icp_replay_dataset
2851417954	3226	eval_results/round_trip_phase_prompt_go2_matterport_vision_loco_2024-09-25_23-22-02_reliability_v11_policy_v2_active_50ep_outbound_top_20260725_ep276/icp_replay_dataset
6000794707	6018	eval_results/round_trip_phase_prompt_go2_matterport_vision_loco_2024-09-25_23-22-02_reliability_v11_policy_v2_active_50ep_outbound_top_20260725_ep276.incomplete.20260726T003518/icp_replay_dataset
1895194968	2206	eval_results/round_trip_phase_prompt_go2_matterport_vision_loco_2024-09-25_23-22-02_reliability_v11_policy_v2_active_50ep_outbound_top_20260725_ep310/icp_replay_dataset
4890131783	6017	eval_results/round_trip_phase_prompt_go2_matterport_vision_loco_2024-09-25_23-22-02_reliability_v11_policy_v2_active_50ep_outbound_top_20260725_ep344/icp_replay_dataset
1867356026	2300	eval_results/round_trip_phase_prompt_go2_matterport_vision_loco_2024-09-25_23-22-02_reliability_v11_policy_v2_active_50ep_outbound_top_20260725_ep344.incomplete.20260726T014207/icp_replay_dataset
2086909693	2542	eval_results/round_trip_phase_prompt_go2_matterport_vision_loco_2024-09-25_23-22-02_reliability_v11_policy_v2_active_50ep_outbound_top_20260725_ep351/icp_replay_dataset
1021695646	1157	eval_results/round_trip_phase_prompt_go2_matterport_vision_loco_2024-09-25_23-22-02_reliability_v11_policy_v2_active_50ep_outbound_top_20260725_ep366/icp_replay_dataset
2166754942	2536	eval_results/round_trip_phase_prompt_go2_matterport_vision_loco_2024-09-25_23-22-02_reliability_v11_policy_v2_active_50ep_outbound_top_20260725_ep367/icp_replay_dataset
1708714486	1936	eval_results/round_trip_phase_prompt_go2_matterport_vision_loco_2024-09-25_23-22-02_reliability_v11_policy_v2_active_50ep_outbound_top_20260725_ep368/icp_replay_dataset
781195995	821	eval_results/round_trip_phase_prompt_go2_matterport_vision_loco_2024-09-25_23-22-02_reliability_v11_policy_v2_active_50ep_outbound_top_20260725_ep427/icp_replay_dataset
313890399	369	eval_results/round_trip_phase_prompt_go2_matterport_vision_loco_2024-09-25_23-22-02_reliability_v11_policy_v2_active_50ep_outbound_top_20260725_ep484/icp_replay_dataset
1588525845	1815	eval_results/round_trip_phase_prompt_go2_matterport_vision_loco_2024-09-25_23-22-02_reliability_v11_policy_v2_active_50ep_outbound_top_20260725_ep489/icp_replay_dataset
1931272042	2295	eval_results/round_trip_phase_prompt_go2_matterport_vision_loco_2024-09-25_23-22-02_reliability_v11_policy_v2_active_50ep_outbound_top_20260725_ep489.incomplete.20260726T040551/icp_replay_dataset
1742938896	1995	eval_results/round_trip_phase_prompt_go2_matterport_vision_loco_2024-09-25_23-22-02_reliability_v11_policy_v2_active_50ep_outbound_top_20260725_ep490/icp_replay_dataset
5153803150	6015	eval_results/round_trip_phase_prompt_go2_matterport_vision_loco_2024-09-25_23-22-02_reliability_v11_policy_v2_active_50ep_outbound_top_20260725_ep491/icp_replay_dataset
5327289205	6016	eval_results/round_trip_phase_prompt_go2_matterport_vision_loco_2024-09-25_23-22-02_reliability_v11_policy_v2_active_50ep_outbound_top_20260725_ep491.incomplete.20260726T045657/icp_replay_dataset
1552319434	1725	eval_results/round_trip_phase_prompt_go2_matterport_vision_loco_2024-09-25_23-22-02_reliability_v11_policy_v2_active_50ep_outbound_top_20260725_ep4/icp_replay_dataset
4162355339	4566	eval_results/round_trip_phase_prompt_go2_matterport_vision_loco_2024-09-25_23-22-02_reliability_v11_policy_v2_active_50ep_outbound_top_20260725_ep500/icp_replay_dataset
5572115485	6015	eval_results/round_trip_phase_prompt_go2_matterport_vision_loco_2024-09-25_23-22-02_reliability_v11_policy_v2_active_50ep_outbound_top_20260725_ep500.incomplete.20260726T055634/icp_replay_dataset
1916413214	2174	eval_results/round_trip_phase_prompt_go2_matterport_vision_loco_2024-09-25_23-22-02_reliability_v11_policy_v2_active_50ep_outbound_top_20260725_ep539/icp_replay_dataset
1869925668	2150	eval_results/round_trip_phase_prompt_go2_matterport_vision_loco_2024-09-25_23-22-02_reliability_v11_policy_v2_active_50ep_outbound_top_20260725_ep579/icp_replay_dataset
2146790985	2482	eval_results/round_trip_phase_prompt_go2_matterport_vision_loco_2024-09-25_23-22-02_reliability_v11_policy_v2_active_50ep_outbound_top_20260725_ep581/icp_replay_dataset
5387600001	6016	eval_results/round_trip_phase_prompt_go2_matterport_vision_loco_2024-09-25_23-22-02_reliability_v11_policy_v2_active_50ep_outbound_top_20260725_ep5/icp_replay_dataset
1155889357	1303	eval_results/round_trip_phase_prompt_go2_matterport_vision_loco_2024-09-25_23-22-02_reliability_v11_policy_v2_active_50ep_outbound_top_20260725_ep646/icp_replay_dataset
2543153834	2892	eval_results/round_trip_phase_prompt_go2_matterport_vision_loco_2024-09-25_23-22-02_reliability_v11_policy_v2_active_50ep_outbound_top_20260725_ep647/icp_replay_dataset
225267876	237	eval_results/round_trip_phase_prompt_go2_matterport_vision_loco_2024-09-25_23-22-02_reliability_v11_policy_v2_active_50ep_outbound_top_20260725_ep647.incomplete.20260726T073413/icp_replay_dataset
1801107093	1993	eval_results/round_trip_phase_prompt_go2_matterport_vision_loco_2024-09-25_23-22-02_reliability_v11_policy_v2_active_50ep_outbound_top_20260725_ep658/icp_replay_dataset
74507047	58	eval_results/round_trip_phase_prompt_go2_matterport_vision_loco_2024-09-25_23-22-02_reliability_v11_policy_v2_active_50ep_outbound_top_20260725_ep658.incomplete.20260726T080330/icp_replay_dataset
1355030671	1576	eval_results/round_trip_phase_prompt_go2_matterport_vision_loco_2024-09-25_23-22-02_reliability_v11_policy_v2_active_50ep_outbound_top_20260725_ep669/icp_replay_dataset
1895004139	2206	eval_results/round_trip_phase_prompt_go2_matterport_vision_loco_2024-09-25_23-22-02_reliability_v11_policy_v2_active_50ep_outbound_top_20260725_ep669.incomplete.20260726T083244/icp_replay_dataset
1451602375	1663	eval_results/round_trip_phase_prompt_go2_matterport_vision_loco_2024-09-25_23-22-02_reliability_v11_policy_v2_active_50ep_outbound_top_20260725_ep671/icp_replay_dataset
2320230785	2683	eval_results/round_trip_phase_prompt_go2_matterport_vision_loco_2024-09-25_23-22-02_reliability_v11_policy_v2_active_50ep_outbound_top_20260725_ep671.incomplete.20260726T090219/icp_replay_dataset
1769279577	2001	eval_results/round_trip_phase_prompt_go2_matterport_vision_loco_2024-09-25_23-22-02_reliability_v11_policy_v2_active_50ep_outbound_top_20260725_ep680/icp_replay_dataset
649195604	699	eval_results/round_trip_phase_prompt_go2_matterport_vision_loco_2024-09-25_23-22-02_reliability_v11_policy_v2_active_50ep_outbound_top_20260725_ep687/icp_replay_dataset
703093151	760	eval_results/round_trip_phase_prompt_go2_matterport_vision_loco_2024-09-25_23-22-02_reliability_v11_policy_v2_active_50ep_outbound_top_20260725_ep688/icp_replay_dataset
3981185576	4698	eval_results/round_trip_phase_prompt_go2_matterport_vision_loco_2024-09-25_23-22-02_reliability_v11_policy_v2_active_50ep_outbound_top_20260725_ep87.incomplete.20260725T204916/icp_replay_dataset
3919517069	4391	eval_results/round_trip_phase_prompt_go2_matterport_vision_loco_2024-09-25_23-22-02_reliability_v11_policy_v2_active_50ep_outbound_top_20260725_ep88/icp_replay_dataset
3205794285	3489	eval_results/round_trip_phase_prompt_go2_matterport_vision_loco_2024-09-25_23-22-02_reliability_v11_policy_v2_active_50ep_outbound_top_20260725_ep89/icp_replay_dataset
1933612591	2213	eval_results/round_trip_phase_prompt_go2_matterport_vision_loco_2024-09-25_23-22-02_reliability_v11_policy_v2_active_50ep_outbound_top_20260725_ep93/icp_replay_dataset
1235458745	1401	eval_results/round_trip_phase_prompt_go2_matterport_vision_loco_2024-09-25_23-22-02_reliability_v11_policy_v2_active_50ep_outbound_top_20260725_ep95/icp_replay_dataset
1100056004	1217	eval_results/round_trip_phase_prompt_go2_matterport_vision_loco_2024-09-25_23-22-02_reliability_v11_policy_v2_online_shadow_24ep_rerun1_20260725_ep205/icp_replay_dataset
1262785898	1531	eval_results/round_trip_phase_prompt_go2_matterport_vision_loco_2024-09-25_23-22-02_reliability_v11_policy_v2_online_shadow_24ep_rerun1_20260725_ep264/icp_replay_dataset
674682148	793	eval_results/round_trip_phase_prompt_go2_matterport_vision_loco_2024-09-25_23-22-02_reliability_v11_policy_v2_online_shadow_24ep_rerun1_20260725_ep333/icp_replay_dataset
1966555794	2404	eval_results/round_trip_phase_prompt_go2_matterport_vision_loco_2024-09-25_23-22-02_reliability_v11_policy_v2_online_shadow_24ep_rerun1_20260725_ep351/icp_replay_dataset
5460734773	5854	eval_results/round_trip_phase_prompt_go2_matterport_vision_loco_2024-09-25_23-22-02_reliability_v11_policy_v2_online_shadow_24ep_rerun1_20260725_ep387/icp_replay_dataset
815704220	912	eval_results/round_trip_phase_prompt_go2_matterport_vision_loco_2024-09-25_23-22-02_reliability_v11_policy_v2_online_shadow_24ep_rerun1_20260725_ep3/icp_replay_dataset
2846122130	3203	eval_results/round_trip_phase_prompt_go2_matterport_vision_loco_2024-09-25_23-22-02_reliability_v11_policy_v2_online_shadow_24ep_rerun1_20260725_ep420/icp_replay_dataset
1784664265	2060	eval_results/round_trip_phase_prompt_go2_matterport_vision_loco_2024-09-25_23-22-02_reliability_v11_policy_v2_online_shadow_24ep_rerun1_20260725_ep579/icp_replay_dataset
2447127106	2831	eval_results/round_trip_phase_prompt_go2_matterport_vision_loco_2024-09-25_23-22-02_reliability_v11_policy_v2_online_shadow_24ep_rerun1_20260725_ep654/icp_replay_dataset
5457621044	6013	eval_results/round_trip_phase_prompt_go2_matterport_vision_loco_2024-09-25_23-22-02_reliability_v11_policy_v2_online_shadow_24ep_rerun1_20260725_ep671/icp_replay_dataset
233017726	249	eval_results/round_trip_phase_prompt_go2_matterport_vision_loco_2024-09-25_23-22-02_reliability_v11_policy_v2_online_shadow_24ep_rerun1_20260725_ep682/icp_replay_dataset
761346418	825	eval_results/round_trip_phase_prompt_go2_matterport_vision_loco_2024-09-25_23-22-02_reliability_v11_policy_v2_online_shadow_24ep_rerun1_20260725_ep687/icp_replay_dataset
2366567297	2629	eval_results/round_trip_phase_prompt_go2_matterport_vision_loco_2024-09-25_23-22-02_reliability_v11_policy_v2_online_shadow_24ep_rerun1_20260725_ep715/icp_replay_dataset
2138758153	2371	eval_results/round_trip_phase_prompt_go2_matterport_vision_loco_2024-09-25_23-22-02_reliability_v11_policy_v2_online_shadow_24ep_rerun1_20260725_ep715.incomplete.20260725T150804/icp_replay_dataset
2471205338	2709	eval_results/round_trip_phase_prompt_go2_matterport_vision_loco_2024-09-25_23-22-02_reliability_v11_policy_v2_online_shadow_24ep_rerun1_20260725_ep764/icp_replay_dataset
442974451	473	eval_results/round_trip_phase_prompt_go2_matterport_vision_loco_2024-09-25_23-22-02_reliability_v11_policy_v2_online_shadow_24ep_rerun1_20260725_ep764.incomplete.20260725T153442/icp_replay_dataset
753520150	851	eval_results/round_trip_phase_prompt_go2_matterport_vision_loco_2024-09-25_23-22-02_reliability_v11_policy_v2_online_shadow_24ep_rerun1_20260725_ep815/icp_replay_dataset
5634966406	6013	eval_results/round_trip_phase_prompt_go2_matterport_vision_loco_2024-09-25_23-22-02_reliability_v11_policy_v2_online_shadow_24ep_rerun1_20260725_ep87/icp_replay_dataset
1363032859	1545	eval_results/round_trip_phase_prompt_go2_matterport_vision_loco_2024-09-25_23-22-02_reliability_v11_policy_v2_online_shadow_24ep_rerun1_20260725_ep888/icp_replay_dataset
1640085452	1853	eval_results/round_trip_phase_prompt_go2_matterport_vision_loco_2024-09-25_23-22-02_reliability_v11_policy_v2_online_shadow_24ep_rerun1_20260725_ep93/icp_replay_dataset
1483909527	1673	eval_results/round_trip_phase_prompt_go2_matterport_vision_loco_2024-09-25_23-22-02_reliability_v11_policy_v2_online_shadow_24ep_rerun1_20260725_ep95/icp_replay_dataset
1159803180	1311	eval_results/round_trip_phase_prompt_go2_matterport_vision_loco_2024-09-25_23-22-02_reliability_v11_policy_v2_online_shadow_24ep_rerun1_20260725_ep95.incomplete.20260725T112336/icp_replay_dataset
975476915	1152	eval_results/round_trip_phase_prompt_go2_matterport_vision_loco_2024-09-25_23-22-02_reliability_v11_policy_v2_online_shadow_24ep_rerun1_20260725_ep962/icp_replay_dataset
1064984502	1217	eval_results/round_trip_phase_prompt_go2_matterport_vision_loco_2024-09-25_23-22-02_reliability_v11_policy_v2_online_shadow_24ep_rerun1_20260725_ep987/icp_replay_dataset
772082821	852	eval_results/round_trip_phase_prompt_go2_matterport_vision_loco_2024-09-25_23-22-02_reliability_v11_policy_v2_shadow_smoke_ep3_rerun1_20260725_ep3/icp_replay_dataset
2412446105	4653	eval_results/round_trip_phase_prompt_go2_matterport_vision_loco_2024-09-25_23-22-02_reliability_v11_prospective_capture_shadow_100ep_20260722_accumulated_ep100/icp_replay_dataset
764077225	1528	eval_results/round_trip_phase_prompt_go2_matterport_vision_loco_2024-09-25_23-22-02_reliability_v11_prospective_capture_shadow_100ep_20260722_accumulated_ep1062/icp_replay_dataset
453403486	988	eval_results/round_trip_phase_prompt_go2_matterport_vision_loco_2024-09-25_23-22-02_reliability_v11_prospective_capture_shadow_100ep_20260722_accumulated_ep1069/icp_replay_dataset
1075715952	1946	eval_results/round_trip_phase_prompt_go2_matterport_vision_loco_2024-09-25_23-22-02_reliability_v11_prospective_capture_shadow_100ep_20260722_accumulated_ep18/icp_replay_dataset
754828606	1463	eval_results/round_trip_phase_prompt_go2_matterport_vision_loco_2024-09-25_23-22-02_reliability_v11_prospective_capture_shadow_100ep_20260722_accumulated_ep196/icp_replay_dataset
197568930	388	eval_results/round_trip_phase_prompt_go2_matterport_vision_loco_2024-09-25_23-22-02_reliability_v11_prospective_capture_shadow_100ep_20260722_accumulated_ep19/icp_replay_dataset
496593448	1003	eval_results/round_trip_phase_prompt_go2_matterport_vision_loco_2024-09-25_23-22-02_reliability_v11_prospective_capture_shadow_100ep_20260722_accumulated_ep205/icp_replay_dataset
430733580	878	eval_results/round_trip_phase_prompt_go2_matterport_vision_loco_2024-09-25_23-22-02_reliability_v11_prospective_capture_shadow_100ep_20260722_accumulated_ep264/icp_replay_dataset
1659129078	3278	eval_results/round_trip_phase_prompt_go2_matterport_vision_loco_2024-09-25_23-22-02_reliability_v11_prospective_capture_shadow_100ep_20260722_accumulated_ep276/icp_replay_dataset
848746400	1803	eval_results/round_trip_phase_prompt_go2_matterport_vision_loco_2024-09-25_23-22-02_reliability_v11_prospective_capture_shadow_100ep_20260722_accumulated_ep310/icp_replay_dataset
303692139	596	eval_results/round_trip_phase_prompt_go2_matterport_vision_loco_2024-09-25_23-22-02_reliability_v11_prospective_capture_shadow_100ep_20260722_accumulated_ep324/icp_replay_dataset
333980696	653	eval_results/round_trip_phase_prompt_go2_matterport_vision_loco_2024-09-25_23-22-02_reliability_v11_prospective_capture_shadow_100ep_20260722_accumulated_ep333/icp_replay_dataset
233802911	439	eval_results/round_trip_phase_prompt_go2_matterport_vision_loco_2024-09-25_23-22-02_reliability_v11_prospective_capture_shadow_100ep_20260722_accumulated_ep344/icp_replay_dataset
1008032110	2303	eval_results/round_trip_phase_prompt_go2_matterport_vision_loco_2024-09-25_23-22-02_reliability_v11_prospective_capture_shadow_100ep_20260722_accumulated_ep351/icp_replay_dataset
1469498149	2913	eval_results/round_trip_phase_prompt_go2_matterport_vision_loco_2024-09-25_23-22-02_reliability_v11_prospective_capture_shadow_100ep_20260722_accumulated_ep355/icp_replay_dataset
541641955	1228	eval_results/round_trip_phase_prompt_go2_matterport_vision_loco_2024-09-25_23-22-02_reliability_v11_prospective_capture_shadow_100ep_20260722_accumulated_ep356/icp_replay_dataset
2746568147	5003	eval_results/round_trip_phase_prompt_go2_matterport_vision_loco_2024-09-25_23-22-02_reliability_v11_prospective_capture_shadow_100ep_20260722_accumulated_ep366/icp_replay_dataset
261211456	603	eval_results/round_trip_phase_prompt_go2_matterport_vision_loco_2024-09-25_23-22-02_reliability_v11_prospective_capture_shadow_100ep_20260722_accumulated_ep385/icp_replay_dataset
612882788	1203	eval_results/round_trip_phase_prompt_go2_matterport_vision_loco_2024-09-25_23-22-02_reliability_v11_prospective_capture_shadow_100ep_20260722_accumulated_ep387/icp_replay_dataset
359399146	703	eval_results/round_trip_phase_prompt_go2_matterport_vision_loco_2024-09-25_23-22-02_reliability_v11_prospective_capture_shadow_100ep_20260722_accumulated_ep3/icp_replay_dataset
1212260262	2358	eval_results/round_trip_phase_prompt_go2_matterport_vision_loco_2024-09-25_23-22-02_reliability_v11_prospective_capture_shadow_100ep_20260722_accumulated_ep420/icp_replay_dataset
173095994	328	eval_results/round_trip_phase_prompt_go2_matterport_vision_loco_2024-09-25_23-22-02_reliability_v11_prospective_capture_shadow_100ep_20260722_accumulated_ep427/icp_replay_dataset
173095994	328	eval_results/round_trip_phase_prompt_go2_matterport_vision_loco_2024-09-25_23-22-02_reliability_v11_prospective_capture_shadow_100ep_20260722_accumulated_ep428/icp_replay_dataset
1143642585	2428	eval_results/round_trip_phase_prompt_go2_matterport_vision_loco_2024-09-25_23-22-02_reliability_v11_prospective_capture_shadow_100ep_20260722_accumulated_ep448/icp_replay_dataset
162505293	328	eval_results/round_trip_phase_prompt_go2_matterport_vision_loco_2024-09-25_23-22-02_reliability_v11_prospective_capture_shadow_100ep_20260722_accumulated_ep484/icp_replay_dataset
746899547	1403	eval_results/round_trip_phase_prompt_go2_matterport_vision_loco_2024-09-25_23-22-02_reliability_v11_prospective_capture_shadow_100ep_20260722_accumulated_ep489/icp_replay_dataset
352512901	678	eval_results/round_trip_phase_prompt_go2_matterport_vision_loco_2024-09-25_23-22-02_reliability_v11_prospective_capture_shadow_100ep_20260722_accumulated_ep490/icp_replay_dataset
619297426	1228	eval_results/round_trip_phase_prompt_go2_matterport_vision_loco_2024-09-25_23-22-02_reliability_v11_prospective_capture_shadow_100ep_20260722_accumulated_ep539/icp_replay_dataset
795500004	1703	eval_results/round_trip_phase_prompt_go2_matterport_vision_loco_2024-09-25_23-22-02_reliability_v11_prospective_capture_shadow_100ep_20260722_accumulated_ep579/icp_replay_dataset
583658629	1278	eval_results/round_trip_phase_prompt_go2_matterport_vision_loco_2024-09-25_23-22-02_reliability_v11_prospective_capture_shadow_100ep_20260722_accumulated_ep581/icp_replay_dataset
2884720176	5003	eval_results/round_trip_phase_prompt_go2_matterport_vision_loco_2024-09-25_23-22-02_reliability_v11_prospective_capture_shadow_100ep_20260722_accumulated_ep613/icp_replay_dataset
376178453	753	eval_results/round_trip_phase_prompt_go2_matterport_vision_loco_2024-09-25_23-22-02_reliability_v11_prospective_capture_shadow_100ep_20260722_accumulated_ep645/icp_replay_dataset
1141956229	2353	eval_results/round_trip_phase_prompt_go2_matterport_vision_loco_2024-09-25_23-22-02_reliability_v11_prospective_capture_shadow_100ep_20260722_accumulated_ep646/icp_replay_dataset
253034106	528	eval_results/round_trip_phase_prompt_go2_matterport_vision_loco_2024-09-25_23-22-02_reliability_v11_prospective_capture_shadow_100ep_20260722_accumulated_ep654/icp_replay_dataset
639414487	1228	eval_results/round_trip_phase_prompt_go2_matterport_vision_loco_2024-09-25_23-22-02_reliability_v11_prospective_capture_shadow_100ep_20260722_accumulated_ep658/icp_replay_dataset
741506415	1403	eval_results/round_trip_phase_prompt_go2_matterport_vision_loco_2024-09-25_23-22-02_reliability_v11_prospective_capture_shadow_100ep_20260722_accumulated_ep671/icp_replay_dataset
1428531691	3103	eval_results/round_trip_phase_prompt_go2_matterport_vision_loco_2024-09-25_23-22-02_reliability_v11_prospective_capture_shadow_100ep_20260722_accumulated_ep672/icp_replay_dataset
238094278	453	eval_results/round_trip_phase_prompt_go2_matterport_vision_loco_2024-09-25_23-22-02_reliability_v11_prospective_capture_shadow_100ep_20260722_accumulated_ep681/icp_replay_dataset
110197785	203	eval_results/round_trip_phase_prompt_go2_matterport_vision_loco_2024-09-25_23-22-02_reliability_v11_prospective_capture_shadow_100ep_20260722_accumulated_ep682/icp_replay_dataset
238014957	428	eval_results/round_trip_phase_prompt_go2_matterport_vision_loco_2024-09-25_23-22-02_reliability_v11_prospective_capture_shadow_100ep_20260722_accumulated_ep687/icp_replay_dataset
1406185373	2613	eval_results/round_trip_phase_prompt_go2_matterport_vision_loco_2024-09-25_23-22-02_reliability_v11_prospective_capture_shadow_100ep_20260722_accumulated_ep688/icp_replay_dataset
365293100	653	eval_results/round_trip_phase_prompt_go2_matterport_vision_loco_2024-09-25_23-22-02_reliability_v11_prospective_capture_shadow_100ep_20260722_accumulated_ep689/icp_replay_dataset
947906438	1813	eval_results/round_trip_phase_prompt_go2_matterport_vision_loco_2024-09-25_23-22-02_reliability_v11_prospective_capture_shadow_100ep_20260722_accumulated_ep691/icp_replay_dataset
978034194	2083	eval_results/round_trip_phase_prompt_go2_matterport_vision_loco_2024-09-25_23-22-02_reliability_v11_prospective_capture_shadow_100ep_20260722_accumulated_ep698/icp_replay_dataset
1145502718	2236	eval_results/round_trip_phase_prompt_go2_matterport_vision_loco_2024-09-25_23-22-02_reliability_v11_prospective_capture_shadow_100ep_20260722_accumulated_ep715/icp_replay_dataset
951744579	1978	eval_results/round_trip_phase_prompt_go2_matterport_vision_loco_2024-09-25_23-22-02_reliability_v11_prospective_capture_shadow_100ep_20260722_accumulated_ep764/icp_replay_dataset
213766303	378	eval_results/round_trip_phase_prompt_go2_matterport_vision_loco_2024-09-25_23-22-02_reliability_v11_prospective_capture_shadow_100ep_20260722_accumulated_ep784/icp_replay_dataset
3016932130	5003	eval_results/round_trip_phase_prompt_go2_matterport_vision_loco_2024-09-25_23-22-02_reliability_v11_prospective_capture_shadow_100ep_20260722_accumulated_ep785/icp_replay_dataset
422387742	813	eval_results/round_trip_phase_prompt_go2_matterport_vision_loco_2024-09-25_23-22-02_reliability_v11_prospective_capture_shadow_100ep_20260722_accumulated_ep814/icp_replay_dataset
363692243	703	eval_results/round_trip_phase_prompt_go2_matterport_vision_loco_2024-09-25_23-22-02_reliability_v11_prospective_capture_shadow_100ep_20260722_accumulated_ep815/icp_replay_dataset
2789739289	5003	eval_results/round_trip_phase_prompt_go2_matterport_vision_loco_2024-09-25_23-22-02_reliability_v11_prospective_capture_shadow_100ep_20260722_accumulated_ep844/icp_replay_dataset
2498342311	5003	eval_results/round_trip_phase_prompt_go2_matterport_vision_loco_2024-09-25_23-22-02_reliability_v11_prospective_capture_shadow_100ep_20260722_accumulated_ep87/icp_replay_dataset
592697398	1278	eval_results/round_trip_phase_prompt_go2_matterport_vision_loco_2024-09-25_23-22-02_reliability_v11_prospective_capture_shadow_100ep_20260722_accumulated_ep888/icp_replay_dataset
54619310	103	eval_results/round_trip_phase_prompt_go2_matterport_vision_loco_2024-09-25_23-22-02_reliability_v11_prospective_capture_shadow_100ep_20260722_accumulated_ep929/icp_replay_dataset
420893661	853	eval_results/round_trip_phase_prompt_go2_matterport_vision_loco_2024-09-25_23-22-02_reliability_v11_prospective_capture_shadow_100ep_20260722_accumulated_ep93/icp_replay_dataset
504778902	1078	eval_results/round_trip_phase_prompt_go2_matterport_vision_loco_2024-09-25_23-22-02_reliability_v11_prospective_capture_shadow_100ep_20260722_accumulated_ep95/icp_replay_dataset
675329403	1378	eval_results/round_trip_phase_prompt_go2_matterport_vision_loco_2024-09-25_23-22-02_reliability_v11_prospective_capture_shadow_100ep_20260722_accumulated_ep961/icp_replay_dataset
318207371	653	eval_results/round_trip_phase_prompt_go2_matterport_vision_loco_2024-09-25_23-22-02_reliability_v11_prospective_capture_shadow_100ep_20260722_accumulated_ep962/icp_replay_dataset
893620251	1803	eval_results/round_trip_phase_prompt_go2_matterport_vision_loco_2024-09-25_23-22-02_reliability_v11_prospective_capture_shadow_100ep_20260722_accumulated_ep979/icp_replay_dataset
586241603	1203	eval_results/round_trip_phase_prompt_go2_matterport_vision_loco_2024-09-25_23-22-02_reliability_v11_prospective_capture_shadow_100ep_20260722_accumulated_ep987/icp_replay_dataset
1218017804	1440	eval_results/round_trip_phase_prompt_go2_matterport_vision_loco_2024-09-25_23-22-02_reliability_v11_route2_terminal_recovery_active50_20260727_ep196/icp_replay_dataset
421947816	505	eval_results/round_trip_phase_prompt_go2_matterport_vision_loco_2024-09-25_23-22-02_reliability_v11_route2_terminal_recovery_active50_20260727_ep19/icp_replay_dataset
1496089012	1667	eval_results/round_trip_phase_prompt_go2_matterport_vision_loco_2024-09-25_23-22-02_reliability_v11_route2_terminal_recovery_active50_20260727_ep205/icp_replay_dataset
1346282864	1634	eval_results/round_trip_phase_prompt_go2_matterport_vision_loco_2024-09-25_23-22-02_reliability_v11_route2_terminal_recovery_active50_20260727_ep264/icp_replay_dataset
5101351249	6020	eval_results/round_trip_phase_prompt_go2_matterport_vision_loco_2024-09-25_23-22-02_reliability_v11_route2_terminal_recovery_active50_20260727_ep268/icp_replay_dataset
3590169021	3947	eval_results/round_trip_phase_prompt_go2_matterport_vision_loco_2024-09-25_23-22-02_reliability_v11_route2_terminal_recovery_active50_20260727_ep276/icp_replay_dataset
2049061811	2399	eval_results/round_trip_phase_prompt_go2_matterport_vision_loco_2024-09-25_23-22-02_reliability_v11_route2_terminal_recovery_active50_20260727_ep310/icp_replay_dataset
4911488096	6018	eval_results/round_trip_phase_prompt_go2_matterport_vision_loco_2024-09-25_23-22-02_reliability_v11_route2_terminal_recovery_active50_20260727_ep344/icp_replay_dataset
2271709217	2813	eval_results/round_trip_phase_prompt_go2_matterport_vision_loco_2024-09-25_23-22-02_reliability_v11_route2_terminal_recovery_active50_20260727_ep351/icp_replay_dataset
1874556277	2179	eval_results/round_trip_phase_prompt_go2_matterport_vision_loco_2024-09-25_23-22-02_reliability_v11_route2_terminal_recovery_active50_20260727_ep355/icp_replay_dataset
5079597872	6019	eval_results/round_trip_phase_prompt_go2_matterport_vision_loco_2024-09-25_23-22-02_reliability_v11_route2_terminal_recovery_active50_20260727_ep366/icp_replay_dataset
5019130336	6017	eval_results/round_trip_phase_prompt_go2_matterport_vision_loco_2024-09-25_23-22-02_reliability_v11_route2_terminal_recovery_active50_20260727_ep367/icp_replay_dataset
1743200528	1967	eval_results/round_trip_phase_prompt_go2_matterport_vision_loco_2024-09-25_23-22-02_reliability_v11_route2_terminal_recovery_active50_20260727_ep368/icp_replay_dataset
2230710004	2574	eval_results/round_trip_phase_prompt_go2_matterport_vision_loco_2024-09-25_23-22-02_reliability_v11_route2_terminal_recovery_active50_20260727_ep420/icp_replay_dataset
5507471992	6024	eval_results/round_trip_phase_prompt_go2_matterport_vision_loco_2024-09-25_23-22-02_reliability_v11_route2_terminal_recovery_active50_20260727_ep420.incomplete.20260728T081402/icp_replay_dataset
903944532	972	eval_results/round_trip_phase_prompt_go2_matterport_vision_loco_2024-09-25_23-22-02_reliability_v11_route2_terminal_recovery_active50_20260727_ep427/icp_replay_dataset
903875887	972	eval_results/round_trip_phase_prompt_go2_matterport_vision_loco_2024-09-25_23-22-02_reliability_v11_route2_terminal_recovery_active50_20260727_ep427.incomplete.20260728T084505/icp_replay_dataset
291427152	340	eval_results/round_trip_phase_prompt_go2_matterport_vision_loco_2024-09-25_23-22-02_reliability_v11_route2_terminal_recovery_active50_20260727_ep484/icp_replay_dataset
1516518109	1726	eval_results/round_trip_phase_prompt_go2_matterport_vision_loco_2024-09-25_23-22-02_reliability_v11_route2_terminal_recovery_active50_20260727_ep489/icp_replay_dataset
2992157921	3376	eval_results/round_trip_phase_prompt_go2_matterport_vision_loco_2024-09-25_23-22-02_reliability_v11_route2_terminal_recovery_active50_20260727_ep489.incomplete.20260728T091316/icp_replay_dataset
5261763174	6016	eval_results/round_trip_phase_prompt_go2_matterport_vision_loco_2024-09-25_23-22-02_reliability_v11_route2_terminal_recovery_active50_20260727_ep490/icp_replay_dataset
5303937657	6016	eval_results/round_trip_phase_prompt_go2_matterport_vision_loco_2024-09-25_23-22-02_reliability_v11_route2_terminal_recovery_active50_20260727_ep491/icp_replay_dataset
1302610727	1456	eval_results/round_trip_phase_prompt_go2_matterport_vision_loco_2024-09-25_23-22-02_reliability_v11_route2_terminal_recovery_active50_20260727_ep4/icp_replay_dataset
1724917272	2026	eval_results/round_trip_phase_prompt_go2_matterport_vision_loco_2024-09-25_23-22-02_reliability_v11_route2_terminal_recovery_active50_20260727_ep500/icp_replay_dataset
1266860224	1425	eval_results/round_trip_phase_prompt_go2_matterport_vision_loco_2024-09-25_23-22-02_reliability_v11_route2_terminal_recovery_active50_20260727_ep539/icp_replay_dataset
162369204	156	eval_results/round_trip_phase_prompt_go2_matterport_vision_loco_2024-09-25_23-22-02_reliability_v11_route2_terminal_recovery_active50_20260727_ep539.incomplete.20260728T103428/icp_replay_dataset
1819483535	2091	eval_results/round_trip_phase_prompt_go2_matterport_vision_loco_2024-09-25_23-22-02_reliability_v11_route2_terminal_recovery_active50_20260727_ep579/icp_replay_dataset
2155279762	2483	eval_results/round_trip_phase_prompt_go2_matterport_vision_loco_2024-09-25_23-22-02_reliability_v11_route2_terminal_recovery_active50_20260727_ep581/icp_replay_dataset
5255152122	6017	eval_results/round_trip_phase_prompt_go2_matterport_vision_loco_2024-09-25_23-22-02_reliability_v11_route2_terminal_recovery_active50_20260727_ep5/icp_replay_dataset
42748069	14	eval_results/round_trip_phase_prompt_go2_matterport_vision_loco_2024-09-25_23-22-02_reliability_v11_route2_terminal_recovery_active50_20260727_ep5.incomplete.20260727T235444/icp_replay_dataset
1070341590	1184	eval_results/round_trip_phase_prompt_go2_matterport_vision_loco_2024-09-25_23-22-02_reliability_v11_route2_terminal_recovery_active50_20260727_ep646/icp_replay_dataset
1831275853	2083	eval_results/round_trip_phase_prompt_go2_matterport_vision_loco_2024-09-25_23-22-02_reliability_v11_route2_terminal_recovery_active50_20260727_ep647/icp_replay_dataset
1397652239	1544	eval_results/round_trip_phase_prompt_go2_matterport_vision_loco_2024-09-25_23-22-02_reliability_v11_route2_terminal_recovery_active50_20260727_ep658/icp_replay_dataset
1454918522	1664	eval_results/round_trip_phase_prompt_go2_matterport_vision_loco_2024-09-25_23-22-02_reliability_v11_route2_terminal_recovery_active50_20260727_ep669/icp_replay_dataset
1759159662	1994	eval_results/round_trip_phase_prompt_go2_matterport_vision_loco_2024-09-25_23-22-02_reliability_v11_route2_terminal_recovery_active50_20260727_ep671/icp_replay_dataset
2044548663	2344	eval_results/round_trip_phase_prompt_go2_matterport_vision_loco_2024-09-25_23-22-02_reliability_v11_route2_terminal_recovery_active50_20260727_ep680/icp_replay_dataset
699201705	754	eval_results/round_trip_phase_prompt_go2_matterport_vision_loco_2024-09-25_23-22-02_reliability_v11_route2_terminal_recovery_active50_20260727_ep687/icp_replay_dataset
1040485003	1127	eval_results/round_trip_phase_prompt_go2_matterport_vision_loco_2024-09-25_23-22-02_reliability_v11_route2_terminal_recovery_active50_20260727_ep688/icp_replay_dataset
959540845	1037	eval_results/round_trip_phase_prompt_go2_matterport_vision_loco_2024-09-25_23-22-02_reliability_v11_route2_terminal_recovery_active50_20260727_ep698.incomplete.20260728T131543/icp_replay_dataset
1871894837	2035	eval_results/round_trip_phase_prompt_go2_matterport_vision_loco_2024-09-25_23-22-02_reliability_v11_route2_terminal_recovery_active50_20260727_ep784.incomplete.20260728T132923/icp_replay_dataset
1255529790	1349	eval_results/round_trip_phase_prompt_go2_matterport_vision_loco_2024-09-25_23-22-02_reliability_v11_route2_terminal_recovery_active50_20260727_ep785/icp_replay_dataset
4018298012	4290	eval_results/round_trip_phase_prompt_go2_matterport_vision_loco_2024-09-25_23-22-02_reliability_v11_route2_terminal_recovery_active50_20260727_ep785.incomplete.20260728T134556/icp_replay_dataset
3604550320	3978	eval_results/round_trip_phase_prompt_go2_matterport_vision_loco_2024-09-25_23-22-02_reliability_v11_route2_terminal_recovery_active50_20260727_ep88/icp_replay_dataset
5936348670	6010	eval_results/round_trip_phase_prompt_go2_matterport_vision_loco_2024-09-25_23-22-02_reliability_v11_route2_terminal_recovery_active50_20260727_ep89/icp_replay_dataset
1188693794	1402	eval_results/round_trip_phase_prompt_go2_matterport_vision_loco_2024-09-25_23-22-02_reliability_v11_route2_terminal_recovery_active50_20260727_ep95/icp_replay_dataset
797331096	955	eval_results/round_trip_phase_prompt_go2_matterport_vision_loco_2024-09-25_23-22-02_reliability_v11_v2_integrated_anchor_state_stage2_shadow_canary_20260726_ep491.partial.user_stopped.20260726T120759/icp_replay_dataset
415758985	462	eval_results/round_trip_phase_prompt_go2_matterport_vision_loco_2024-09-25_23-22-02_reliability_v11_v2_integrated_anchor_state_stage31_shadow_canary_20260726_ep491.partial.user_stopped.20260726T160819Z/icp_replay_dataset
101343073	112	eval_results/round_trip_phase_prompt_go2_matterport_vision_loco_2024-09-25_23-22-02_reliability_v11_v2_integrated_anchor_state_stage31_shadow_canary_20260726_ep5/icp_replay_dataset
405754004	435	eval_results/round_trip_phase_prompt_go2_matterport_vision_loco_2024-09-25_23-22-02_reliability_v11_v2_integrated_anchor_state_stage31_shadow_canary_20260726_ep5.partial.user_stopped.20260726T160127Z/icp_replay_dataset
322079691	350	eval_results/round_trip_phase_prompt_go2_matterport_vision_loco_2024-09-25_23-22-02_reliability_v11_v2_integrated_candidate_controller_active_v0_ep5_canary_20260726_ep5.partial.user_stopped.20260726T153950Z/icp_replay_dataset
1826845114	2057	eval_results/round_trip_phase_prompt_go2_matterport_vision_loco_2024-09-25_23-22-02_reliability_v11_v2_integrated_candidate_controller_stage32_active_5ep_20260726_ep205/icp_replay_dataset
880445360	968	eval_results/round_trip_phase_prompt_go2_matterport_vision_loco_2024-09-25_23-22-02_reliability_v11_v2_integrated_candidate_controller_stage32_active_5ep_20260726_ep205.incomplete.20260726T181417/icp_replay_dataset
34163635	38	eval_results/round_trip_phase_prompt_go2_matterport_vision_loco_2024-09-25_23-22-02_reliability_v11_v2_integrated_candidate_controller_stage32_active_5ep_20260726_ep205.incomplete.20260726T181652/icp_replay_dataset
4468592268	5297	eval_results/round_trip_phase_prompt_go2_matterport_vision_loco_2024-09-25_23-22-02_reliability_v11_v2_integrated_candidate_controller_stage32_active_5ep_20260726_ep5/icp_replay_dataset
655347720	727	eval_results/round_trip_phase_prompt_go2_matterport_vision_loco_2024-09-25_23-22-02_reliability_v11_v2_integrated_candidate_selector_stage25_ep5_shadow_canary_20260726_ep5.partial.user_stopped.20260726T152920Z/icp_replay_dataset
821871216	909	eval_results/round_trip_phase_prompt_go2_matterport_vision_loco_2024-09-25_23-22-02_reliability_v11_v2_integrated_candidate_selector_stage25_hysteresis_shadow_canary_20260726_ep658.partial.user_stopped.20260726T151228Z/icp_replay_dataset
526550105	601	eval_results/round_trip_phase_prompt_go2_matterport_vision_loco_2024-09-25_23-22-02_reliability_v11_v2_integrated_candidate_selector_stage25_shadow_canary_20260726_ep491.partial.user_stopped.20260726T155544/icp_replay_dataset
251897579	250	eval_results/round_trip_phase_prompt_go2_matterport_vision_loco_2024-09-25_23-22-02_reliability_v11_v2_integrated_candidate_selector_stage25_shadow_canary_20260726_ep658.partial.user_stopped.20260726T155951/icp_replay_dataset
1433780344	1532	eval_results/round_trip_phase_prompt_go2_matterport_vision_loco_2024-09-25_23-22-02_reliability_v11_v2_integrated_promotion_shadow_canary_20260726_ep491.partial.user_stopped.20260726T113915/icp_replay_dataset
113358280	122	eval_results/round_trip_phase_prompt_go2_matterport_vision_loco_2024-09-25_23-22-02_reliability_v11_v2_integrated_promotion_shadow_canary_20260726_ep5/icp_replay_dataset
4668032482	5113	eval_results/round_trip_phase_prompt_go2_matterport_vision_loco_2024-09-25_23-22-02_reliability_v11_v2_integrated_promotion_shadow_canary_20260726_ep5.partial.user_stopped.20260726T112350/icp_replay_dataset
2429027409	2573	eval_results/round_trip_phase_prompt_go2_matterport_vision_loco_2024-09-25_23-22-02_rgapoc_vision_20260723_ep581/icp_replay_dataset
1313554997	1361	eval_results/round_trip_phase_prompt_go2_matterport_vision_loco_2024-09-25_23-22-02_rgapoc_vision_20260723_ep688/icp_replay_dataset
1267668379	1362	eval_results/round_trip_phase_prompt_go2_matterport_vision_loco_2024-09-25_23-22-02_rgapoc_vision_20260723_ep814/icp_replay_dataset
1650524722	1725	eval_results/round_trip_phase_prompt_go2_matterport_vision_loco_2024-09-25_23-22-02_rgapoc_vision_20260723_ep93/icp_replay_dataset
702470447	760	eval_results/round_trip_phase_prompt_go2_matterport_vision_loco_2024-09-25_23-22-02_rgbd_verify_20260723_ep688/icp_replay_dataset
1831415320	2062	eval_results/round_trip_phase_prompt_go2_matterport_vision_loco_2024-09-25_23-22-02_route2_anchorv2_terminal_collection50_20260801_batch49_ep1040/icp_replay_dataset
1192998175	1442	eval_results/round_trip_phase_prompt_go2_matterport_vision_loco_2024-09-25_23-22-02_route2_anchorv2_terminal_collection50_20260801_batch49_ep264/icp_replay_dataset
2555894240	2730	eval_results/round_trip_phase_prompt_go2_matterport_vision_loco_2024-09-25_23-22-02_route2_anchorv2_terminal_collection50_20260801_batch49_ep276/icp_replay_dataset
1847314222	2159	eval_results/round_trip_phase_prompt_go2_matterport_vision_loco_2024-09-25_23-22-02_route2_anchorv2_terminal_collection50_20260801_batch49_ep310/icp_replay_dataset
2287367097	2567	eval_results/round_trip_phase_prompt_go2_matterport_vision_loco_2024-09-25_23-22-02_route2_anchorv2_terminal_collection50_20260801_batch49_ep351/icp_replay_dataset
1623658976	1828	eval_results/round_trip_phase_prompt_go2_matterport_vision_loco_2024-09-25_23-22-02_route2_anchorv2_terminal_collection50_20260801_batch49_ep367/icp_replay_dataset
772657612	924	eval_results/round_trip_phase_prompt_go2_matterport_vision_loco_2024-09-25_23-22-02_route2_anchorv2_terminal_collection50_20260801_batch49_ep484/icp_replay_dataset
5544597700	6016	eval_results/round_trip_phase_prompt_go2_matterport_vision_loco_2024-09-25_23-22-02_route2_anchorv2_terminal_collection50_20260801_batch49_ep4/icp_replay_dataset
1536791298	1737	eval_results/round_trip_phase_prompt_go2_matterport_vision_loco_2024-09-25_23-22-02_route2_anchorv2_terminal_collection50_20260801_batch49_ep539/icp_replay_dataset
1827123438	2103	eval_results/round_trip_phase_prompt_go2_matterport_vision_loco_2024-09-25_23-22-02_route2_anchorv2_terminal_collection50_20260801_batch49_ep579/icp_replay_dataset
62632429	20	eval_results/round_trip_phase_prompt_go2_matterport_vision_loco_2024-09-25_23-22-02_route2_anchorv2_terminal_collection50_20260801_batch49_ep581/icp_replay_dataset
2235227225	2688	eval_results/round_trip_phase_prompt_go2_matterport_vision_loco_2024-09-25_23-22-02_route2_anchorv2_terminal_collection50_20260801_batch49_ep5/icp_replay_dataset
812048043	895	eval_results/round_trip_phase_prompt_go2_matterport_vision_loco_2024-09-25_23-22-02_route2_anchorv2_terminal_collection50_20260801_batch49_ep647/icp_replay_dataset
1388674503	1526	eval_results/round_trip_phase_prompt_go2_matterport_vision_loco_2024-09-25_23-22-02_route2_anchorv2_terminal_collection50_20260801_batch49_ep658/icp_replay_dataset
2866108466	3135	eval_results/round_trip_phase_prompt_go2_matterport_vision_loco_2024-09-25_23-22-02_route2_anchorv2_terminal_collection50_20260801_batch49_ep678/icp_replay_dataset
2132021783	2464	eval_results/round_trip_phase_prompt_go2_matterport_vision_loco_2024-09-25_23-22-02_route2_anchorv2_terminal_collection50_20260801_batch49_ep680/icp_replay_dataset
5651999977	6013	eval_results/round_trip_phase_prompt_go2_matterport_vision_loco_2024-09-25_23-22-02_route2_anchorv2_terminal_collection50_20260801_batch49_ep87/icp_replay_dataset
5166416211	6012	eval_results/round_trip_phase_prompt_go2_matterport_vision_loco_2024-09-25_23-22-02_route2_anchorv2_terminal_collection50_20260801_batch49_ep88/icp_replay_dataset
4699614198	6010	eval_results/round_trip_phase_prompt_go2_matterport_vision_loco_2024-09-25_23-22-02_route2_anchorv2_terminal_collection50_20260801_batch49_ep89/icp_replay_dataset
1215140185	1426	eval_results/round_trip_phase_prompt_go2_matterport_vision_loco_2024-09-25_23-22-02_route2_anchorv2_terminal_collection50_20260801_batch49_ep95/icp_replay_dataset
1638236990	1891	eval_results/round_trip_phase_prompt_go2_matterport_vision_loco_2024-09-25_23-22-02_route2_anchorv2_terminal_collection50_20260801_batch49_ep962/icp_replay_dataset
2099883624	2584	eval_results/round_trip_phase_prompt_go2_matterport_vision_loco_2024-09-25_23-22-02_route2_anchorv2_terminal_collection50_20260801_batch49_ep994/icp_replay_dataset
1700278488	1919	eval_results/round_trip_phase_prompt_go2_matterport_vision_loco_2024-09-25_23-22-02_route2_anchorv2_terminal_collection50_20260801_canary_ep368/icp_replay_dataset
2428000162	2689	eval_results/round_trip_phase_prompt_go2_matterport_vision_loco_2024-09-25_23-22-02_route2_core_development_20260801_ep1008/icp_replay_dataset
2416387982	2633	eval_results/round_trip_phase_prompt_go2_matterport_vision_loco_2024-09-25_23-22-02_route2_core_development_20260801_ep319/icp_replay_dataset
769417017	894	eval_results/round_trip_phase_prompt_go2_matterport_vision_loco_2024-09-25_23-22-02_route2_core_development_20260801_ep324/icp_replay_dataset
2262288466	2794	eval_results/round_trip_phase_prompt_go2_matterport_vision_loco_2024-09-25_23-22-02_route2_core_development_20260801_ep336/icp_replay_dataset
4439704265	5526	eval_results/round_trip_phase_prompt_go2_matterport_vision_loco_2024-09-25_23-22-02_route2_core_development_20260801_ep344/icp_replay_dataset
1791145619	1904	eval_results/round_trip_phase_prompt_go2_matterport_vision_loco_2024-09-25_23-22-02_route2_core_development_20260801_ep408/icp_replay_dataset
3706338672	4523	eval_results/round_trip_phase_prompt_go2_matterport_vision_loco_2024-09-25_23-22-02_route2_core_development_20260801_ep470/icp_replay_dataset
1106958730	1137	eval_results/round_trip_phase_prompt_go2_matterport_vision_loco_2024-09-25_23-22-02_route2_core_development_20260801_ep479/icp_replay_dataset
1342219202	1548	eval_results/round_trip_phase_prompt_go2_matterport_vision_loco_2024-09-25_23-22-02_route2_core_development_20260801_ep517/icp_replay_dataset
4441895047	4958	eval_results/round_trip_phase_prompt_go2_matterport_vision_loco_2024-09-25_23-22-02_route2_core_development_20260801_ep555/icp_replay_dataset
1416666882	1679	eval_results/round_trip_phase_prompt_go2_matterport_vision_loco_2024-09-25_23-22-02_route2_core_development_20260801_ep656/icp_replay_dataset
1722543549	1806	eval_results/round_trip_phase_prompt_go2_matterport_vision_loco_2024-09-25_23-22-02_route2_core_development_20260801_ep696/icp_replay_dataset
1052822705	1160	eval_results/round_trip_phase_prompt_go2_matterport_vision_loco_2024-09-25_23-22-02_route2_core_development_20260801_ep784/icp_replay_dataset
1707417186	1871	eval_results/round_trip_phase_prompt_go2_matterport_vision_loco_2024-09-25_23-22-02_route2_core_development_20260801_ep806/icp_replay_dataset
1089214029	1245	eval_results/round_trip_phase_prompt_go2_matterport_vision_loco_2024-09-25_23-22-02_route2_core_development_20260801_ep829/icp_replay_dataset
3254539291	3869	eval_results/round_trip_phase_prompt_go2_matterport_vision_loco_2024-09-25_23-22-02_route2_core_development_20260801_ep86/icp_replay_dataset
2068419210	2337	eval_results/round_trip_phase_prompt_go2_matterport_vision_loco_2024-09-25_23-22-02_route2_core_locked_validation_20260801_ep226/icp_replay_dataset
3392530255	3939	eval_results/round_trip_phase_prompt_go2_matterport_vision_loco_2024-09-25_23-22-02_route2_core_locked_validation_20260801_ep228/icp_replay_dataset
1029566734	1075	eval_results/round_trip_phase_prompt_go2_matterport_vision_loco_2024-09-25_23-22-02_route2_core_locked_validation_20260801_ep233/icp_replay_dataset
3889005386	4480	eval_results/round_trip_phase_prompt_go2_matterport_vision_loco_2024-09-25_23-22-02_route2_core_locked_validation_20260801_ep291/icp_replay_dataset
5222011525	5534	eval_results/round_trip_phase_prompt_go2_matterport_vision_loco_2024-09-25_23-22-02_route2_core_locked_validation_20260801_ep304/icp_replay_dataset
1379551782	1597	eval_results/round_trip_phase_prompt_go2_matterport_vision_loco_2024-09-25_23-22-02_route2_core_locked_validation_20260801_ep376/icp_replay_dataset
1888617721	2156	eval_results/round_trip_phase_prompt_go2_matterport_vision_loco_2024-09-25_23-22-02_route2_core_locked_validation_20260801_ep463/icp_replay_dataset
37163465	12	eval_results/round_trip_phase_prompt_go2_matterport_vision_loco_2024-09-25_23-22-02_route2_core_locked_validation_20260801_ep471.failed-20260802T142901/icp_replay_dataset
1005553103	1137	eval_results/round_trip_phase_prompt_go2_matterport_vision_loco_2024-09-25_23-22-02_route2_core_locked_validation_20260801_ep471/icp_replay_dataset
267391408	279	eval_results/round_trip_phase_prompt_go2_matterport_vision_loco_2024-09-25_23-22-02_route2_core_locked_validation_20260801_ep493/icp_replay_dataset
1369236660	1521	eval_results/round_trip_phase_prompt_go2_matterport_vision_loco_2024-09-25_23-22-02_route2_core_locked_validation_20260801_ep593/icp_replay_dataset
1861311660	2145	eval_results/round_trip_phase_prompt_go2_matterport_vision_loco_2024-09-25_23-22-02_route2_core_locked_validation_20260801_ep610/icp_replay_dataset
3625614507	4325	eval_results/round_trip_phase_prompt_go2_matterport_vision_loco_2024-09-25_23-22-02_route2_core_locked_validation_20260801_ep733/icp_replay_dataset
822026536	1031	eval_results/round_trip_phase_prompt_go2_matterport_vision_loco_2024-09-25_23-22-02_route2_core_locked_validation_20260801_ep735/icp_replay_dataset
3061069356	3491	eval_results/round_trip_phase_prompt_go2_matterport_vision_loco_2024-09-25_23-22-02_route2_core_locked_validation_20260801_ep738/icp_replay_dataset
1245578123	1366	eval_results/round_trip_phase_prompt_go2_matterport_vision_loco_2024-09-25_23-22-02_route2_core_locked_validation_20260801_ep885/icp_replay_dataset
5189112868	6014	eval_results/round_trip_phase_prompt_go2_matterport_vision_loco_2024-09-25_23-22-02_route2_core_locked_validation_20260801_ep895/icp_replay_dataset
3206120195	3627	eval_results/round_trip_phase_prompt_go2_matterport_vision_loco_2024-09-25_23-22-02_three_model_readonly_shadow30_20260729_ep1004/icp_replay_dataset
1779601650	1984	eval_results/round_trip_phase_prompt_go2_matterport_vision_loco_2024-09-25_23-22-02_three_model_readonly_shadow30_20260729_ep189/icp_replay_dataset
1615199342	1897	eval_results/round_trip_phase_prompt_go2_matterport_vision_loco_2024-09-25_23-22-02_three_model_readonly_shadow30_20260729_ep338/icp_replay_dataset
1620527953	1877	eval_results/round_trip_phase_prompt_go2_matterport_vision_loco_2024-09-25_23-22-02_three_model_readonly_shadow30_20260729_ep467/icp_replay_dataset
1939478890	2315	eval_results/round_trip_phase_prompt_go2_matterport_vision_loco_2024-09-25_23-22-02_three_model_readonly_shadow30_20260729_ep488/icp_replay_dataset
3165693309	3683	eval_results/round_trip_phase_prompt_go2_matterport_vision_loco_2024-09-25_23-22-02_three_model_readonly_shadow30_20260729_ep534/icp_replay_dataset
1269612840	1555	eval_results/round_trip_phase_prompt_go2_matterport_vision_loco_2024-09-25_23-22-02_three_model_readonly_shadow30_20260729_ep639/icp_replay_dataset
1640093214	2000	eval_results/round_trip_phase_prompt_go2_matterport_vision_loco_2024-09-25_23-22-02_three_model_readonly_shadow30_20260729_ep640/icp_replay_dataset
5159762703	6017	eval_results/round_trip_phase_prompt_go2_matterport_vision_loco_2024-09-25_23-22-02_three_model_readonly_shadow30_20260729_ep652/icp_replay_dataset
4984718025	6022	eval_results/round_trip_phase_prompt_go2_matterport_vision_loco_2024-09-25_23-22-02_three_model_readonly_shadow30_20260729_ep653/icp_replay_dataset
1000417185	1102	eval_results/round_trip_phase_prompt_go2_matterport_vision_loco_2024-09-25_23-22-02_three_model_readonly_shadow30_20260729_ep696/icp_replay_dataset
1041466092	1194	eval_results/round_trip_phase_prompt_go2_matterport_vision_loco_2024-09-25_23-22-02_three_model_readonly_shadow30_20260729_ep726/icp_replay_dataset
656791276	698	eval_results/round_trip_phase_prompt_go2_matterport_vision_loco_2024-09-25_23-22-02_three_model_readonly_shadow30_20260729_ep783/icp_replay_dataset
1217577957	1386	eval_results/round_trip_phase_prompt_go2_matterport_vision_loco_2024-09-25_23-22-02_three_model_readonly_shadow30_20260729_ep875/icp_replay_dataset
3368613753	3927	eval_results/round_trip_phase_prompt_go2_matterport_vision_loco_2024-09-25_23-22-02_three_model_readonly_shadow30_canary_20260729_ep670/icp_replay_dataset
5292264321	6015	eval_results/round_trip_phase_prompt_go2_matterport_vision_loco_2024-09-25_23-22-02_unified_shadow50_ep670_replication_retry2_20260730_ep670/icp_replay_dataset
4992637718	6015	eval_results/round_trip_phase_prompt_go2_matterport_vision_loco_2024-09-25_23-22-02_unified_shadow50_ep670_replication_retry4_20260730_ep670/icp_replay_dataset
1254085615	1434	eval_results/round_trip_phase_prompt_go2_matterport_vision_loco_2024-09-25_23-22-02_unified_shadow50_fresh49_retry4_20260730_ep1003/icp_replay_dataset
1596440703	1738	eval_results/round_trip_phase_prompt_go2_matterport_vision_loco_2024-09-25_23-22-02_unified_shadow50_fresh49_retry4_20260730_ep1016/icp_replay_dataset
5303768515	6024	eval_results/round_trip_phase_prompt_go2_matterport_vision_loco_2024-09-25_23-22-02_unified_shadow50_fresh49_retry4_20260730_ep106/icp_replay_dataset
5042243107	6015	eval_results/round_trip_phase_prompt_go2_matterport_vision_loco_2024-09-25_23-22-02_unified_shadow50_fresh49_retry4_20260730_ep123/icp_replay_dataset
4797157853	5135	eval_results/round_trip_phase_prompt_go2_matterport_vision_loco_2024-09-25_23-22-02_unified_shadow50_fresh49_retry4_20260730_ep136/icp_replay_dataset
1666415698	1924	eval_results/round_trip_phase_prompt_go2_matterport_vision_loco_2024-09-25_23-22-02_unified_shadow50_fresh49_retry4_20260730_ep168/icp_replay_dataset
1134621146	1370	eval_results/round_trip_phase_prompt_go2_matterport_vision_loco_2024-09-25_23-22-02_unified_shadow50_fresh49_retry4_20260730_ep266/icp_replay_dataset
2257671056	2817	eval_results/round_trip_phase_prompt_go2_matterport_vision_loco_2024-09-25_23-22-02_unified_shadow50_fresh49_retry4_20260730_ep336/icp_replay_dataset
2079879846	2553	eval_results/round_trip_phase_prompt_go2_matterport_vision_loco_2024-09-25_23-22-02_unified_shadow50_fresh49_retry4_20260730_ep353/icp_replay_dataset
1467309277	1641	eval_results/round_trip_phase_prompt_go2_matterport_vision_loco_2024-09-25_23-22-02_unified_shadow50_fresh49_retry4_20260730_ep386/icp_replay_dataset
1486771573	1572	eval_results/round_trip_phase_prompt_go2_matterport_vision_loco_2024-09-25_23-22-02_unified_shadow50_fresh49_retry4_20260730_ep426/icp_replay_dataset
2106513562	2406	eval_results/round_trip_phase_prompt_go2_matterport_vision_loco_2024-09-25_23-22-02_unified_shadow50_fresh49_retry4_20260730_ep470/icp_replay_dataset
5569077838	6012	eval_results/round_trip_phase_prompt_go2_matterport_vision_loco_2024-09-25_23-22-02_unified_shadow50_fresh49_retry4_20260730_ep476/icp_replay_dataset
3014099941	3122	eval_results/round_trip_phase_prompt_go2_matterport_vision_loco_2024-09-25_23-22-02_unified_shadow50_fresh49_retry4_20260730_ep479/icp_replay_dataset
4982013379	6013	eval_results/round_trip_phase_prompt_go2_matterport_vision_loco_2024-09-25_23-22-02_unified_shadow50_fresh49_retry4_20260730_ep517/icp_replay_dataset
5266802193	6014	eval_results/round_trip_phase_prompt_go2_matterport_vision_loco_2024-09-25_23-22-02_unified_shadow50_fresh49_retry4_20260730_ep555/icp_replay_dataset
2248897134	2609	eval_results/round_trip_phase_prompt_go2_matterport_vision_loco_2024-09-25_23-22-02_unified_shadow50_fresh49_retry4_20260730_ep566/icp_replay_dataset
1147500389	1360	eval_results/round_trip_phase_prompt_go2_matterport_vision_loco_2024-09-25_23-22-02_unified_shadow50_fresh49_retry4_20260730_ep621/icp_replay_dataset
1030821002	1241	eval_results/round_trip_phase_prompt_go2_matterport_vision_loco_2024-09-25_23-22-02_unified_shadow50_fresh49_retry4_20260730_ep656/icp_replay_dataset
5408501776	6015	eval_results/round_trip_phase_prompt_go2_matterport_vision_loco_2024-09-25_23-22-02_unified_shadow50_fresh49_retry4_20260730_ep705/icp_replay_dataset
3314215754	3890	eval_results/round_trip_phase_prompt_go2_matterport_vision_loco_2024-09-25_23-22-02_unified_shadow50_fresh49_retry4_20260730_ep802/icp_replay_dataset
1770921504	1943	eval_results/round_trip_phase_prompt_go2_matterport_vision_loco_2024-09-25_23-22-02_unified_shadow50_fresh49_retry4_20260730_ep806/icp_replay_dataset
5293465734	6014	eval_results/round_trip_phase_prompt_go2_matterport_vision_loco_2024-09-25_23-22-02_unified_shadow50_fresh49_retry4_20260730_ep829/icp_replay_dataset
1399944441	1593	eval_results/round_trip_phase_prompt_go2_matterport_vision_loco_2024-09-25_23-22-02_unified_shadow50_fresh49_retry4_20260730_ep833/icp_replay_dataset
1048724536	1224	eval_results/round_trip_phase_prompt_go2_matterport_vision_loco_2024-09-25_23-22-02_unified_shadow50_fresh49_retry4_20260730_ep86/icp_replay_dataset
1701990559	1971	eval_results/round_trip_phase_prompt_go2_matterport_vision_loco_2024-09-25_23-22-02_unified_shadow50_fresh49_retry4_20260730_ep960/icp_replay_dataset
865418245	955	eval_results/round_trip_phase_prompt_go2_matterport_vision_loco_2024-09-25_23-22-02_unified_shadow50_fresh49_retry4_20260730_ep97/icp_replay_dataset
1707577119	2041	eval_results/round_trip_phase_prompt_go2_matterport_vision_loco_2024-09-25_23-22-02_unified_shadow50_fresh49_retry4_20260730_ep992/icp_replay_dataset
37824305	15	eval_results/round_trip_phase_prompt_go2_matterport_vision_loco_2024-09-25_23-22-02_vision_disagreement_ab_50ep_20260726_diagnostic_ep1038/icp_replay_dataset
44677988	18	eval_results/round_trip_phase_prompt_go2_matterport_vision_loco_2024-09-25_23-22-02_vision_disagreement_ab_50ep_20260726_diagnostic_ep264/icp_replay_dataset
39649964	15	eval_results/round_trip_phase_prompt_go2_matterport_vision_loco_2024-09-25_23-22-02_vision_disagreement_ab_50ep_20260726_diagnostic_ep310/icp_replay_dataset
46945624	18	eval_results/round_trip_phase_prompt_go2_matterport_vision_loco_2024-09-25_23-22-02_vision_disagreement_ab_50ep_20260726_diagnostic_ep355/icp_replay_dataset
193836802	197	eval_results/round_trip_phase_prompt_go2_matterport_vision_loco_2024-09-25_23-22-02_vision_disagreement_ab_50ep_20260726_diagnostic_ep366/icp_replay_dataset
43367688	17	eval_results/round_trip_phase_prompt_go2_matterport_vision_loco_2024-09-25_23-22-02_vision_disagreement_ab_50ep_20260726_diagnostic_ep367/icp_replay_dataset
109654158	105	eval_results/round_trip_phase_prompt_go2_matterport_vision_loco_2024-09-25_23-22-02_vision_disagreement_ab_50ep_20260726_diagnostic_ep368/icp_replay_dataset
20415760	9	eval_results/round_trip_phase_prompt_go2_matterport_vision_loco_2024-09-25_23-22-02_vision_disagreement_ab_50ep_20260726_diagnostic_ep484/icp_replay_dataset
105587514	105	eval_results/round_trip_phase_prompt_go2_matterport_vision_loco_2024-09-25_23-22-02_vision_disagreement_ab_50ep_20260726_diagnostic_ep490/icp_replay_dataset
106333007	105	eval_results/round_trip_phase_prompt_go2_matterport_vision_loco_2024-09-25_23-22-02_vision_disagreement_ab_50ep_20260726_diagnostic_ep491/icp_replay_dataset
39210065	15	eval_results/round_trip_phase_prompt_go2_matterport_vision_loco_2024-09-25_23-22-02_vision_disagreement_ab_50ep_20260726_diagnostic_ep4/icp_replay_dataset
44972826	17	eval_results/round_trip_phase_prompt_go2_matterport_vision_loco_2024-09-25_23-22-02_vision_disagreement_ab_50ep_20260726_diagnostic_ep5/icp_replay_dataset
33251067	13	eval_results/round_trip_phase_prompt_go2_matterport_vision_loco_2024-09-25_23-22-02_vision_disagreement_ab_50ep_20260726_diagnostic_ep646/icp_replay_dataset
33391454	13	eval_results/round_trip_phase_prompt_go2_matterport_vision_loco_2024-09-25_23-22-02_vision_disagreement_ab_50ep_20260726_diagnostic_ep647/icp_replay_dataset
28360511	12	eval_results/round_trip_phase_prompt_go2_matterport_vision_loco_2024-09-25_23-22-02_vision_disagreement_ab_50ep_20260726_diagnostic_ep669/icp_replay_dataset
28361905	12	eval_results/round_trip_phase_prompt_go2_matterport_vision_loco_2024-09-25_23-22-02_vision_disagreement_ab_50ep_20260726_diagnostic_ep671/icp_replay_dataset
55645581	21	eval_results/round_trip_phase_prompt_go2_matterport_vision_loco_2024-09-25_23-22-02_vision_disagreement_ab_50ep_20260726_diagnostic_ep680/icp_replay_dataset
21115830	9	eval_results/round_trip_phase_prompt_go2_matterport_vision_loco_2024-09-25_23-22-02_vision_disagreement_ab_50ep_20260726_diagnostic_ep688/icp_replay_dataset
29318744	12	eval_results/round_trip_phase_prompt_go2_matterport_vision_loco_2024-09-25_23-22-02_vision_disagreement_ab_50ep_20260726_diagnostic_ep784/icp_replay_dataset
29117592	12	eval_results/round_trip_phase_prompt_go2_matterport_vision_loco_2024-09-25_23-22-02_vision_disagreement_ab_50ep_20260726_diagnostic_ep785/icp_replay_dataset
14009534	7	eval_results/round_trip_phase_prompt_go2_matterport_vision_loco_2024-09-25_23-22-02_vision_disagreement_ab_50ep_20260726_diagnostic_ep813/icp_replay_dataset
22698290	10	eval_results/round_trip_phase_prompt_go2_matterport_vision_loco_2024-09-25_23-22-02_vision_disagreement_ab_50ep_20260726_diagnostic_ep815/icp_replay_dataset
23811563	10	eval_results/round_trip_phase_prompt_go2_matterport_vision_loco_2024-09-25_23-22-02_vision_disagreement_ab_50ep_20260726_diagnostic_ep844/icp_replay_dataset
37669917	15	eval_results/round_trip_phase_prompt_go2_matterport_vision_loco_2024-09-25_23-22-02_vision_disagreement_ab_50ep_20260726_downgrade_ep1038/icp_replay_dataset
1067936181	1244	eval_results/round_trip_phase_prompt_go2_matterport_vision_loco_2024-09-25_23-22-02_vision_disagreement_ab_50ep_20260726_downgrade_ep196/icp_replay_dataset
1437666305	1627	eval_results/round_trip_phase_prompt_go2_matterport_vision_loco_2024-09-25_23-22-02_vision_disagreement_ab_50ep_20260726_downgrade_ep19/icp_replay_dataset
1046326000	1169	eval_results/round_trip_phase_prompt_go2_matterport_vision_loco_2024-09-25_23-22-02_vision_disagreement_ab_50ep_20260726_downgrade_ep205/icp_replay_dataset
1017547834	1156	eval_results/round_trip_phase_prompt_go2_matterport_vision_loco_2024-09-25_23-22-02_vision_disagreement_ab_50ep_20260726_downgrade_ep268/icp_replay_dataset
1237411161	1397	eval_results/round_trip_phase_prompt_go2_matterport_vision_loco_2024-09-25_23-22-02_vision_disagreement_ab_50ep_20260726_downgrade_ep276/icp_replay_dataset
1956751873	2278	eval_results/round_trip_phase_prompt_go2_matterport_vision_loco_2024-09-25_23-22-02_vision_disagreement_ab_50ep_20260726_downgrade_ep310/icp_replay_dataset
852541184	1037	eval_results/round_trip_phase_prompt_go2_matterport_vision_loco_2024-09-25_23-22-02_vision_disagreement_ab_50ep_20260726_downgrade_ep344/icp_replay_dataset
2338646793	2843	eval_results/round_trip_phase_prompt_go2_matterport_vision_loco_2024-09-25_23-22-02_vision_disagreement_ab_50ep_20260726_downgrade_ep351/icp_replay_dataset
6077900815	6019	eval_results/round_trip_phase_prompt_go2_matterport_vision_loco_2024-09-25_23-22-02_vision_disagreement_ab_50ep_20260726_downgrade_ep355/icp_replay_dataset
5536107216	6016	eval_results/round_trip_phase_prompt_go2_matterport_vision_loco_2024-09-25_23-22-02_vision_disagreement_ab_50ep_20260726_downgrade_ep366/icp_replay_dataset
3662969397	4228	eval_results/round_trip_phase_prompt_go2_matterport_vision_loco_2024-09-25_23-22-02_vision_disagreement_ab_50ep_20260726_downgrade_ep368/icp_replay_dataset
1939177856	2183	eval_results/round_trip_phase_prompt_go2_matterport_vision_loco_2024-09-25_23-22-02_vision_disagreement_ab_50ep_20260726_downgrade_ep420/icp_replay_dataset
1610458089	1721	eval_results/round_trip_phase_prompt_go2_matterport_vision_loco_2024-09-25_23-22-02_vision_disagreement_ab_50ep_20260726_downgrade_ep427/icp_replay_dataset
339363112	399	eval_results/round_trip_phase_prompt_go2_matterport_vision_loco_2024-09-25_23-22-02_vision_disagreement_ab_50ep_20260726_downgrade_ep484/icp_replay_dataset
800168872	924	eval_results/round_trip_phase_prompt_go2_matterport_vision_loco_2024-09-25_23-22-02_vision_disagreement_ab_50ep_20260726_downgrade_ep489/icp_replay_dataset
1536603792	1737	eval_results/round_trip_phase_prompt_go2_matterport_vision_loco_2024-09-25_23-22-02_vision_disagreement_ab_50ep_20260726_downgrade_ep490/icp_replay_dataset
1404104208	1575	eval_results/round_trip_phase_prompt_go2_matterport_vision_loco_2024-09-25_23-22-02_vision_disagreement_ab_50ep_20260726_downgrade_ep4/icp_replay_dataset
691456927	764	eval_results/round_trip_phase_prompt_go2_matterport_vision_loco_2024-09-25_23-22-02_vision_disagreement_ab_50ep_20260726_downgrade_ep539/icp_replay_dataset
1988633836	2300	eval_results/round_trip_phase_prompt_go2_matterport_vision_loco_2024-09-25_23-22-02_vision_disagreement_ab_50ep_20260726_downgrade_ep579/icp_replay_dataset
1232265477	1393	eval_results/round_trip_phase_prompt_go2_matterport_vision_loco_2024-09-25_23-22-02_vision_disagreement_ab_50ep_20260726_downgrade_ep646/icp_replay_dataset
313415046	339	eval_results/round_trip_phase_prompt_go2_matterport_vision_loco_2024-09-25_23-22-02_vision_disagreement_ab_50ep_20260726_downgrade_ep647/icp_replay_dataset
1010324064	1123	eval_results/round_trip_phase_prompt_go2_matterport_vision_loco_2024-09-25_23-22-02_vision_disagreement_ab_50ep_20260726_downgrade_ep658/icp_replay_dataset
1295003522	1483	eval_results/round_trip_phase_prompt_go2_matterport_vision_loco_2024-09-25_23-22-02_vision_disagreement_ab_50ep_20260726_downgrade_ep669/icp_replay_dataset
4174799726	4723	eval_results/round_trip_phase_prompt_go2_matterport_vision_loco_2024-09-25_23-22-02_vision_disagreement_ab_50ep_20260726_downgrade_ep671/icp_replay_dataset
202297388	206	eval_results/round_trip_phase_prompt_go2_matterport_vision_loco_2024-09-25_23-22-02_vision_disagreement_ab_50ep_20260726_downgrade_ep680/icp_replay_dataset
21114879	9	eval_results/round_trip_phase_prompt_go2_matterport_vision_loco_2024-09-25_23-22-02_vision_disagreement_ab_50ep_20260726_downgrade_ep688/icp_replay_dataset
29488515	12	eval_results/round_trip_phase_prompt_go2_matterport_vision_loco_2024-09-25_23-22-02_vision_disagreement_ab_50ep_20260726_downgrade_ep784/icp_replay_dataset
29319681	12	eval_results/round_trip_phase_prompt_go2_matterport_vision_loco_2024-09-25_23-22-02_vision_disagreement_ab_50ep_20260726_downgrade_ep785/icp_replay_dataset
22581400	10	eval_results/round_trip_phase_prompt_go2_matterport_vision_loco_2024-09-25_23-22-02_vision_disagreement_ab_50ep_20260726_downgrade_ep813/icp_replay_dataset
22701939	10	eval_results/round_trip_phase_prompt_go2_matterport_vision_loco_2024-09-25_23-22-02_vision_disagreement_ab_50ep_20260726_downgrade_ep815/icp_replay_dataset
23994055	10	eval_results/round_trip_phase_prompt_go2_matterport_vision_loco_2024-09-25_23-22-02_vision_disagreement_ab_50ep_20260726_downgrade_ep844/icp_replay_dataset
1081130896	1135	eval_results/round_trip_phase_prompt_go2_matterport_vision_loco_2024-09-25_23-22-02_vision_disagreement_ab_50ep_20260726_downgrade_ep87/icp_replay_dataset
1189793084	1330	eval_results/round_trip_phase_prompt_go2_matterport_vision_loco_2024-09-25_23-22-02_vision_disagreement_ab_50ep_20260726_downgrade_ep88/icp_replay_dataset
5010823054	6009	eval_results/round_trip_phase_prompt_go2_matterport_vision_loco_2024-09-25_23-22-02_vision_disagreement_ab_50ep_20260726_downgrade_ep89/icp_replay_dataset
259634468	244	eval_results/round_trip_phase_prompt_go2_matterport_vision_loco_2024-09-25_23-22-02_vision_disagreement_ab_50ep_20260726_downgrade_ep93/icp_replay_dataset
1159675692	1311	eval_results/round_trip_phase_prompt_go2_matterport_vision_loco_2024-09-25_23-22-02_vision_disagreement_ab_50ep_20260726_downgrade_ep95/icp_replay_dataset
52878882	20	eval_results/round_trip_phase_prompt_go2_matterport_vision_loco_2024-09-25_23-22-02_vision_disagreement_ab_50ep_20260726_downgrade_ep994/icp_replay_dataset
